Client Name,Phone,ID Number,Branch,Loan Officer,Address,Business Type,Business Location,Status,Source,Guarantor Name,Guarantor Contact,Guarantor ID
Hannah Nyaguthii,0716838439,24938672,ENGINEER,Ann,,,,Active,Loan Files,Mirriam Wairimu Gitaka,0741123659,41675672
Evangeline Nyawira Nkuru,0768513332,22336265,Naromoru,David Wambugu,Naromoru,Green grocery,Naromoru,Active,Main Client List,,,
Irene Njeri Ngari,0719393454,6452343,Naromoru,Naftaly  Kinyua,Karemeno,Hotel,Karemeno,Dormant,Main Client List,,,
Damaris Wangari Wachiuri,0711780780,12780232,Karatina,Evaline Muthoni,Mahiga,Mutumba/shoes,Mahiga,Dormant,Main Client List,,,
Margaret Wambui Ndiritu,0721378747,12774157,Karatina,Peter Mathenge,Munaini/othaya,Green grocery,Othaya,Dormant,Main Client List,,,
Doris Mwiti,0704746868,,Nyahururu,Peter,,,,Active,Loan Files,Agnes Nduta,0713101470,
Mercy Wambui Ndungu,0790312685,20072122,Karatina,Shyrine Njue,Gacatha,Salon,Gacatha,Dormant,Main Client List,,,
Catherine Wachuka Kariuki,0722572202,7028707,ENGINEER,Milka,,,,Active,Loan Files,Jackline Warukira Kariuki,0702695058,24532047
Grace Wangari Ndonga,0790207895,20402508,Karatina,Simon Gichigi,Gachika,Farming/fruitvendor,Chaka,Dormant,Main Client List,,,
Rebecca Nyaguthii Thamaini,0758011823,24346337,Karatina,Sharlet Sally,Giakaibei,Mini boutique,Giakabei,Active,Main Client List,,,
Jane Wanjiku Mwangi,0713668747,20765795,Karatina,Sharlet Sally,Muthuthuini,Farming,Mukurweini,Dormant,Main Client List,,,
Mary Wangari Mugure,0701341459,23995720,Naromoru,Silvester Muthomi,Meeting,Salon,Meeting,Dormant,Main Client List,,,
Alice Wachira Kariuki,0723279066,24290358,Naromoru,Silvester Muthomi,Chaka,Grocery,Chaka,Active,Main Client List,,,
Jane Njoki Kibuchi,0721975281,28173197,Naromoru,Mercy  Karimi,Swans,Second hand clothes,Swans,Active,Main Client List,,,
Rosaline Wanja Nyaga,0710602129,25308011,Naromoru,David Wambugu,Chaka,Clothes,Chaka,Active,Main Client List,,,
Alice Naserian,0758991413,,Unknown,Cate,,,,Active,Loan Files,Patricia wacuka,,
Julia Wanjiku Wanjohi,0717968050,28480765,Karatina,Caroline Mureithi,Kangemi,Green grocery,Kangemi,Dormant,Main Client List,,,
Charity Wanjiku Wachira,0711714744,14648525,Karatina,Sharlet Sally,Karatina,Farming,Karatina,Dormant,Main Client List,,,
Judy Gitau,0722527858,,Unknown,Cate,,,,Active,Loan Files,Penina maina,,
Faith Wanjiru Maina,0758335400,22028297,Naromoru,Silvester Muthomi,Chaka,Mtumba clothes,Chaka,Active,Main Client List,,,
James Gikonyo Muraya,0722645059,12840352,Naromoru,Silvester Muthomi,Village 7,Grocery,Village 7,Dormant,Main Client List,,,
Purity Kagendo Njagi,0703187739,35190935,Karatina,Sharlet Sally,Karatina,Hotel,Karatina,Dormant,Main Client List,,,
Hannah  Wanja Kimomo,0700174536,1429473,Karatina,Evaline Muthoni,Gaturuturu,Food kiosk,Gaturuturu,Dormant,Main Client List,,,
Jeddy Wacira,0707593937,10512633,Nyahururu,Nancy Wamboi,Gatero,Dairy farming,Gatero,Dormant,Main Client List,,,
Joyce Njoki Giothi,0720363793,7669074,Karatina,Caroline Mureithi,Muthuthini,Farming,Muthuthini,Dormant,Main Client List,,,
Lydiah Wanjiru Wamuyu,0768332036,26008814,Karatina,Simon Gichigi,Kiambaa,Farming,Kiambaa,Dormant,Main Client List,,,
Alice Johnson,0758991413,37973587,Nyahururu,Nancy Wamboi,20300,Cereals,Chanti opposite,Dormant,Main Client List,patricia wacuka waithira,0752560980,25332821
Susan Mburu,0791542906,13219284,Nyahururu,Caroline Nyakio,0,Grocery,Madaraka,Dormant,Main Client List,,,
Virginia Wanjiru Wairimu,0718871498,24134466,Nyahururu,Peter Nderitu Machira,Maili nne,Fruit vendor,Nyahururu,Dormant,Main Client List,,,
Teresia Nyambura Kinyua,0705400456,14476495,Nyahururu,Catherine Luyudi,Muchemi,Farming,Muchemi,Dormant,Main Client List,,,
Agnes Wanjiku Muiyuro,0722675172,13392320,Naromoru,Naftaly  Kinyua,New centre,Cereals,New centre,Active,Main Client List,,,
Susan Wambui Matu,0715155936,26214022,ENGINEER,Ann,,,,Active,Loan Files,Wambui Beth Wangari,0700483702,414846882
Pierra Wawira Mwaniki,0740854760,23647701,Nyahururu,Damaris Ruguru,Nyahururu,Hotel,Nyahururu,Dormant,Main Client List,,,
Godfrey Kiamenyi,0791381569,42647083,Naromoru,Mercy  Karimi,Gakuya,Muguka base,Gakuya,Active,Main Client List,,,
Winnie Mwangi,0715616331,36728923,Nyahururu,Nancy Wamboi,20300,Shop boutique,Jikaze,Dormant,Main Client List,,,
Esther Gathoni Mureithi,0748495658,28566026,Naromoru,David Wambugu,Chaka,Shoe vendor,Chaka,Active,Main Client List,,,
Evaline Wanja Njeru,0742421765,34495563,Karatina,Evaline Muthoni,Nyeri,Malimali,Nyeri,Dormant,Main Client List,,,
Delfino Njeru Gatwiki,0701516807,10593160,Karatina,Evaline Muthoni,Karatina,Malimali,Karatina,Dormant,Main Client List,,,
Margaret Wamai,0721142486,25159522,Nyahururu,Nancy Wamboi,20300,Saloon,Othaya lodge,Dormant,Main Client List,,,
David Ngata Ngugi,0723113511,26748172,Nyahururu,Catherine Luyudi,Rumuruti,Milk supplier,Oljabet,Dormant,Main Client List,,,
Susan Kananu Kaberia,0793873983,28576880,Naromoru,David Wambugu,Naromoru,Hotel,Naromoru,Active,Main Client List,,,
Caroline Wangeci Ndiritu,0798217104,39264187,Naromoru,Naftaly  Kinyua,Ngaringiro,Pub,Ngobit,Dormant,Main Client List,,,
Dorothy Gacheri Ndereva,0729166674,31282625,Karatina,Sharlet Sally,Kiamariga,Hotel,Kiamariga,Dormant,Main Client List,,,
Lucy Waceke Wanjau,0712184728,31114208,Naromoru,Naftaly  Kinyua,Naromoro,Green grocery,Naromoro,Active,Main Client List,,,
Zipporah Rotich,0720853132,485452,Nyahururu,Caroline Nyakio,20300,Mtumba seller,Kaburua,Active,Main Client List,,,
Susan Njiri Watiri,0723512549,2353086,Naromoru,Naftaly  Kinyua,Chaka,Soup vendor,Chaka,Active,Main Client List,,,
Gladys Nyaguthii Waiguru,0711755150,27168046,Naromoru,Naftaly  Kinyua,Castle,Butchery,Castle,Active,Main Client List,,,
Fredrick Odionyi,0723294698,26744903,ENGINEER,Ann,,,,Active,Loan Files,Dorcas Wambui Kamau,0718958835,23457081
Hannah Muthoni Mugambi,0740880703,31528500,Karatina,Peter Mathenge,Ndunyu,Green grocery,Ndunyu,Dormant,Main Client List,,,
Simon Mtigiugu,0798632927,,Unknown,Peter,,,,Active,Loan Files,Peter  waititu,,
Tabitha Muiga Wangari,0729828281,24015096,Nyahururu,Caroline Nyakio,Njaus,Shop,Njaus,Dormant,Main Client List,,,
Josephine Kurpel Marian,0142842993,29098940,Nyahururu,Nancy Wamboi,Rumuruti,Fruit vendor,Rumuruti market,Dormant,Main Client List,Susan kurpol,0718878829,42799734
Julius Gichuru,0705915891,11487926,Nyahururu,Caroline Nyakio,Imenti,Miraa farming,Imenti,Dormant,Main Client List,,,
Alice Njoki,0729144308,23118891,Nyahururu,Caroline Nyakio,0,Cereals  retail,Imenti,Dormant,Main Client List,,,
Virginia wairimu,0718871498,,Unknown,Peter,,,,Active,Loan Files,Rahab Nyambura,,
Margret Wanjiku Maina,0790641180,33390967,Karatina,Joseph Ngondi,Mukuruweini,Daycare/shoe dealer,Mukurweini,Dormant,Main Client List,,,
Caroline Kinya,0111680642,32121779,Karatina,Simon Gichigi,Karatina,Scrap metals,Karatina,Dormant,Main Client List,,,
Mary Njoki,0727698567,,Unknown,Cate,,,,Active,Loan Files,Faris Mwangi,0719306554,40320903
Samuel  Chege Waweru,0793568159,37839074,Nyahururu,Peter Nderitu Machira,Weru,Powersaw,Weru,Dormant,Main Client List,,,
Keziah Wangechi Njoroge,0715006398,29484668,Nyahururu,Damaris Ruguru,Kibathi,Grocery,Kibathi,Dormant,Main Client List,Beatrice Njeri ,0794894574,33115042
Rabecca Nachoch Echom,0794400120,28512556,Nyahururu,Damaris Ruguru,Rumuruti,Selling new clothes,Rumuruti,Dormant,Main Client List,,,
Josphat Kamanu,0724701702,,Unknown,Cate,,,,Active,Loan Files,Jane Wanjiku,,
Joyce Njoki Mwangi,0721718125,31766801,Karatina,Joseph Ngondi,Mukuruweini,Pub,Mukurweini,Dormant,Main Client List,,,
Esther Nyambura Wanjohi,0759831343,25384115,Nyahururu,Caroline Nyakio,Rumuruti,Grocery /beverage,Rumuruti,Dormant,Main Client List,fredawangui,,22016398
Gabriel Kamenju Muriithi,0759787946,38239291,Karatina,Joseph Ngondi,Ngandu,Farming,Ngandu,Dormant,Main Client List,,,
Catherine Muchoki,0792612031,,Unknown,Carol,,,,Active,Loan Files,Mary Wanjiku,,
Patricia Wanjugu Githinji,0727828552,21703988,Nyahururu,Damaris Ruguru,Gatundia,General shop/mitumba,Gatundia,Dormant,Main Client List,,,
Margaret Wambui Mwangi,0742578283,26304922,Naromoru,Mercy  Karimi,Matanya,Farmer,Matanya,Active,Main Client List,,,
Mercy Muthoni,0769261515,,Unknown,Peter,,,,Active,Loan Files,Simon Kimathi,,
Naomi Wanjiru Ndiritu,0726100264,11121017,Nyahururu,Caroline Nyakio,20300,Food mobile,Karuga,Dormant,Main Client List,,,
Milkah Mwihaki Karingiti,0741089761,34678648,Karatina,Peter Mathenge,Kabiruini,Broker,Kabiruini,Dormant,Main Client List,,,
Sylvester Njuguna Kamau,0727149758,36239339,Naromoru,Naftaly  Kinyua,Gataka,Tour guide,Gataka,Active,Main Client List,,,
Samuel Mwenda Mwiti,0743333421,23497949,Naromoru,Mercy  Karimi,Kiamathaga,Farming,Njoguini,Active,Main Client List,,,
Joseph Maina Wairimu,0740364099,624110398,Nyahururu,Damaris Ruguru,Madaraka,Mechanic,Madaraka,Dormant,Main Client List,,,
Eunice Wanjiku Muchira,0742124667,24236588,Karatina,Caroline Mureithi,Njatheini,Farming,Njatheini,Dormant,Main Client List,,,
Samuel Kahura Kabiro,0725940977,20473278,ENGINEER,Milka,,,,Active,Loan Files,Isaac Njogu Muiruri,0717537152,27522952
Daniel Wambui,0728981668,,Nyahururu,Damaris,,,,Active,Loan Files,Sabina Akope,0769325233,
Margaret Nyambura Mugekenyi,0113017122,24034006,ENGINEER,Ann,,,,Active,Loan Files,Esther Muthoni Mwaura,0704888492,27593134
Anthony Wachira Munene,0714076538,20957763,Nyahururu,Nancy Wamboi,Nyahururu,Leather works,Nairobi road,Dormant,Main Client List,,,
Jesse Mwangi Kitheka,0719335155,27743539,Naromoru,Silvester Muthomi,Naromoru,Beverage kiosk,Naromoru,Active,Main Client List,,,
Lucy Nambaiyaiye,0716331062,31561513,Nyahururu,Caroline Nyakio,Rumuruti,Farming,Rumuruti,Dormant,Main Client List,,,
Gilbert Wandeto Macharia,0708963113,21937332,Karatina,Caroline Mureithi,Jambo,Juakali,Jambo,Dormant,Main Client List,,,
Margret Wangui Kiama,0720373041,10243423,Karatina,Joseph Ngondi,Mathari,Cyber,Mathari,Dormant,Main Client List,,,
Peris Nyambura Munene,0721324830,22070117,Nyahururu,Peter Nderitu Machira,Maili nne,Selling charcoal,Mailinne,Dormant,Main Client List,,,
Lucy Waruiru Wanjiru,0794359655,34058906,Naromoru,Mercy  Karimi,Chaka,Fast foods,Chaka,Dormant,Main Client List,,,
Simon Emuria Loter,0791933445,31131940,Nyahururu,Damaris Ruguru,Gatundia,Video shop,Gatundia,Dormant,Main Client List,,,
Mercy Wambui Nduati,0790554705,24993751,Nyahururu,Peter Nderitu Machira,20300,Farming,Muchemi,Active,Main Client List,,,
Ndirangu Regina Ngoiri,0712033508,27775232,Naromoru,Silvester Muthomi,Matanya,Butcgery,Matanya,Dormant,Main Client List,,,
Jecinta Wambui Mwangi,0759307772,28125008,Naromoru,Naftaly  Kinyua,Kiganjo,Salon,Kiganjo,Active,Main Client List,,,
Irene Wanjira,0711668710,8978386,Karatina,Caroline Mureithi,Kabiruini,Farming,Kabiruini,Dormant,Main Client List,,,
Mary Wambu Maina,0110724989,26395099,Nyahururu,Peter Nderitu Machira,Location,Chips processing,Rumuruti,Dormant,Main Client List,,,
Mercy Wanjiku,0743665781,35405143,Nyahururu,Caroline Nyakio,0,Salon,Madaraka,Dormant,Main Client List,,,
Mary Muthoni Wambui,0757091865,31280903,Nyahururu,Peter Nderitu Machira,Nyahururu,Green grocery,Nyahururu,Dormant,Main Client List,,,
Sharon Mwendwa Kiriamburi,0740940083,29039242,Naromoru,Mercy  Karimi,Naromoru,Grocery,Naromoru,Dormant,Main Client List,,,
Mary Nduta Kagiri,0746558019,23814431,Karatina,Simon Gichigi,Mukuruweini,Retail shop,Kagari,Dormant,Main Client List,,,
Martha Wanjiru Mwaganu,0799653239,13057211,Karatina,Evaline Muthoni,Tetu,Hardware,Tetu,Dormant,Main Client List,,,
Agnes Konaria  Esther,0715368475,24244638,Naromoru,David Wambugu,Castle,Greengrocery,Castle,Active,Main Client List,,,
Silvia Wachira,0797396337,257079604,Nyahururu,Nancy Wamboi,47936,Retail shop,Maili nne,Dormant,Main Client List,,,
Gladys Wangari Ruzara,0723116772,20428444,Naromoru,Mercy  Karimi,Naromoru,Second-hand clothes,Naromoru,Dormant,Main Client List,,,
Jane Njeri Gachuhi,0720010794,23234452,Karatina,Peter Mathenge,Othaya,Green grocery,Othaya,Dormant,Main Client List,,,
Gladys Wangui Mwangi,0717765125,30667893,Karatina,Caroline Mureithi,Muthua,Retail shop,Muthua,Dormant,Main Client List,,,
Teresa Wangari Wachinga,0797396128,35815888,Naromoru,David Wambugu,Naromoru,Grocery,Naromoru,Active,Main Client List,,,
Jackson Waigwa Mwangi,0703189093,31341510,Karatina,Caroline Mureithi,Karatina,Spareparts,Karatina,Dormant,Main Client List,,,
Esther Gachigiri,0795157747,,Unknown,Peter,,,,Active,Loan Files,Rose Muchoki,,
Peter Kibiru,0794861894,,Unknown,Cate,,,,Active,Loan Files,Joliah Njoki,,
Joseph Ndiritu,0714716360,33092811,Nyahururu,Nancy Wamboi,Chemichemi,Carpenter,Opposite benandict,Dormant,Main Client List,,,
Magdaline Karuri,0727364504,27206497,Nyahururu,Caroline Nyakio,Subukia,Cosmetic shop,Subukia,Dormant,Main Client List,,,
Susan Wamboi Karuru,0729875857,13204306,Karatina,Evaline Muthoni,Tetu,Milk vendor,Tetu,Dormant,Main Client List,,,
Jane Asiri Kuuti,0768824476,27008294,Nyahururu,Caroline Nyakio,Rumuruti,Kibanda,Moonlight,Dormant,Main Client List,,,
Jane Wanja Muriuki,0706901280,21859615,Naromoru,Mercy  Karimi,Mwichuiri,Farming,Soweto,Dormant,Main Client List,,,
Ann Wangui Mwangi,0728542276,22936583,Karatina,Caroline Mureithi,Hiriga,Green grocery,Hiriga,Dormant,Main Client List,,,
Elizabeth Wanjugu Wachira,0794238426,28509780,Karatina,Caroline Mureithi,Maganjo,Bar/restaurant,Maganjo,Dormant,Main Client List,,,
Micheal Mathenge Njoroge,0723410419,23645793,Naromoru,Silvester Muthomi,Tagwa,Grocery,Tagwa,Dormant,Main Client List,,,
Leah Nyambura Kabiro,0792850882,13453034,Naromoru,David Wambugu,Naromoru,Hotel,Naromoru,Active,Main Client List,,,
Margaret Wathiegeni,0115480067,,Unknown,Peter,,,,Active,Loan Files,Cecilia Wamuyu,,
Florence Njeri Wangui,0725132375,145191168,Karatina,Caroline Mureithi,Tetu,Boutique/farming,Tetu,Dormant,Main Client List,,,
Mercy Nyambura Maina,0705110957,27492006,ENGINEER,Milka,,,,Active,Loan Files,Tabitha Waithera Ndungu,0797744897,31424071
Metrine Minyabe Likuyi,0700041662,39703867,Nyahururu,Peter Nderitu Machira,Leshau,Selling mitumba,Leshau,Dormant,Main Client List,,,
Hellen Wamucii Maina,0712876987,26415421,Nyahururu,Catherine Luyudi,Nyahururu,Selling mitumba,Nyahururu town,Dormant,Main Client List,,,
Esther Wacuka Ngatia,0715508081,11565747,Karatina,Joseph Ngondi,Gitunduti,Dairy farming,Gitunduti,Dormant,Main Client List,,,
Grace Njeri Wanjohi,0799832907,23797085,Naromoru,David Wambugu,Naromoru,Grocery,Naromoru,Dormant,Main Client List,,,
Lucy Wanjiru Wangondu,0708356421,26381267,Naromoru,Silvester Muthomi,Burguret,Butchery,Burguret,Active,Main Client List,,,
Lucy Wakiuru Kanja,0708742365,30920237,Naromoru,Naftaly  Kinyua,Kariminu,Dairy farming,Kariminu,Active,Main Client List,,,
Faith Njoki Ndiangui,0724988443,25424867,Karatina,Evaline Muthoni,Kiandu,Electronics,Kiandu,Active,Main Client List,,,
Leah Wanjiru Waweru,0142165052,9815102,ENGINEER,Milka,,,,Active,Loan Files,Hannah Nyokabi Kungu,0715007156,21137022
Racheal Keru Wanjiku,0115746322,24960498,Naromoru,David Wambugu,Chaka,Shop,Chaka,Active,Main Client List,,,
Naomi Nyaguthi Munjari,0793551785,42056759,Naromoru,Naftaly  Kinyua,Meeting,Salon,Meeting,Active,Main Client List,,,
Esther Wambui Kimani,0723826235,31983269,Karatina,Joseph Ngondi,Josca,Green grocery,Kngemi,Dormant,Main Client List,,,
Daniel Gitau,0794416300,,Unknown,Peter,,,,Active,Loan Files,Glady Njeri,,
Alice Wairimu,0715068622,,Nyahururu,Damaris,,,,Active,Loan Files,John Mucheru,0790275139,
Esther Akai Lomelo,0725995376,26558864,Nyahururu,Caroline Nyakio,Kandutura,Grocery,Rumuruti,Dormant,Main Client List,,,
Esther Ngugi,0710540080,22039462,Nyahururu,Nancy Wamboi,Transchem,Cereals,Nyahururu,Dormant,Main Client List,,,
Rahab Kabui,0711227118,27071216,Nyahururu,Nancy Wamboi,20300,Retail shop and grocery,Transchem,Dormant,Main Client List,,,
John Githinji Waithira,0790879139,37643373,Karatina,Sharlet Sally,Karatina,Farming,Karatina,Dormant,Main Client List,,,
Joyce Muthoni Mutahi,0798997895,27579030,Naromoru,Naftaly  Kinyua,Castle,Food kiosk,Castle,Dormant,Main Client List,,,
Ann Njoki Njanja,0798733681,36160319,ENGINEER,Ann,,,,Active,Loan Files,Mercy Murugi Mutundu,0707405265,40106842
Elose Wacuka Kagwanja,0714386392,11808021,Karatina,Caroline Mureithi,Gathare,Farming,Gathare,Dormant,Main Client List,,,
Salome Njoki Kaharu,0743662912,20905006,Karatina,Peter Mathenge,Othaya,Clothes seller,Othaya,Active,Main Client List,,,
Hannah Nyaguthii Kimomo,0745282586,25372766,Karatina,Peter Mathenge,Mukuruweini,Farming,Mukurweini,Dormant,Main Client List,,,
Agnes Kioni,0769694106,22259541,Nyahururu,Nancy Wamboi,Rumuruti,Hotel,Rumuruti,Dormant,Main Client List,,,
Milka Wanjiku Mwangi,0726547587,21967421,Karatina,Simon Gichigi,Karura,Farming,Karura,Dormant,Main Client List,,,
Mose Bahati Bevlyne,0711670920,32739955,ENGINEER,Ann Wangari Rigio,,,,Active,Loan Files,Evans Mogoah Nyaega,0715909749,30824402
Mary Nyambura Mwangi,0727839772,25112464,Karatina,Peter Mathenge,Othaya,Hotel,Othaya,Dormant,Main Client List,,,
Joyce Wandaka,0793621965,34209491,Nyahururu,Peter Nderitu Machira,Kasuku,Movie shop,Kasuku,Dormant,Main Client List,,,
Fridah Kanini,0711312215,32938142,Nyahururu,Caroline Nyakio,0,Farming,Imenti,Dormant,Main Client List,,,
Catherine  Ngima Njeru,0712197021,27473984,Karatina,Caroline Mureithi,Kiamariga,Salon,Kiamariga,Dormant,Main Client List,,,
Joseph Mwangi,0799835033,28269341,Nyahururu,Caroline Nyakio,Shamata,Salon and kinyozi,Shamata,Dormant,Main Client List,,,
Alice Wanjiru Kihuko,0748947116,9553092,Naromoru,David Wambugu,Chaka,Grocery,Chaka,Active,Main Client List,,,
Pierra Makena,0740854760,,Nyahururu,Damaris,,,,Active,Loan Files,James Manyara,0744847721,
Evalyne Mugure Mwaura,0713068523,41394930,ENGINEER,Ann,,,,Active,Loan Files,Agnes Wambui Kamau,0727050349,11535057
Jane Wairimu Muhoro,0725564232,24125451,Karatina,Lisper Gatwiri,Karura,Farming,Karura,Dormant,Main Client List,,,
Marion Karunge,0791046162,13394529,Nyahururu,Peter Nderitu Machira,Rurii,Dairy farming,Pasenga,Dormant,Main Client List,,,
Phylis Njeri Wataku,0746305393,23663959,Karatina,Sharlet Sally,Othaya,Farmer,Othaya,Dormant,Main Client List,,,
Harry Thuku,0705436184,28018123,Nyahururu,Nancy Wamboi,20300,Accountant graceland,Ziwani,Dormant,Main Client List,,,
Alice Wanjiru,0758372505,20492583,Nyahururu,Caroline Nyakio,0,Farming,Pasenga,Dormant,Main Client List,,,
Beth Nyyawira Mukungu,0116086845,12977489,Karatina,Caroline Mureithi,Giakaibei,Farming,Giakaibei,Dormant,Main Client List,,,
Brigit Kamba,0794955639,33844184,Nyahururu,Nancy Wamboi,20300,Barbar and spa,Transchem,Active,Main Client List,,,
Teresa Nderitu Gathoni,0710199397,12780142,Naromoru,David Wambugu,Chaka,Grocery,Chaka,Active,Main Client List,,,
Lydiah Wachu Nyaga,0712612462,20050359,Karatina,Peter Mathenge,Mukuruweini,Milk sale /farming,Mukurweini,Dormant,Main Client List,,,
Daniel Maina Gitau,0794416300,7436666,Nyahururu,Peter Nderitu Machira,Mailisaba,Selling onions/tomatoes,Mailisaba,Dormant,Main Client List,,,
Maureen Kagwora,0723858169,,Unknown,Carol,,,,Active,Loan Files,Esther Maina,,
Kelvin Nderitu Kimaru,0700677627,37384637,Nyahururu,Peter Nderitu Machira,Gachanji,General shop,Njunu,Dormant,Main Client List,,,
Charity Mwangi,0724210636,1392706,Unknown,Cate,,,,Active,Loan Files,Rosemary Njeri,0740491220,45276895
Mali Muthengi,0114477210,32564253,Karatina,Caroline Mureithi,Rafina/karatina,Tailor,Karatina,Dormant,Main Client List,,,
Elizabeth Nyakihu Mungai,0706689932,28551082,Karatina,Joseph Ngondi,Kabiruini,Farming,Kabiruini,Dormant,Main Client List,,,
Peter Gitahi Ndungu,0722105603,22364199,Naromoru,Mercy  Karimi,Nyaribo,Fast foods,Nyaribo,Dormant,Main Client List,,,
Eunice Wambui Ndirangu,0721641355,21263940,Karatina,Simon Gichigi,Ngandu,Retail shop,Ngandu,Dormant,Main Client List,,,
Gladys Waruguru Wamaitha,0743374206,25753930,Naromoru,Naftaly  Kinyua,Gakuya,Food kiosk,Gakuya,Active,Main Client List,,,
Rose Wairimu Kabiru,0711200779,13537930,Karatina,Sharlet Sally,Kiawarigi,Farmer/thrifted clothes,Kiawarigi,Dormant,Main Client List,,,
Samuel Biru Mute,0704539428,3218567,Naromoru,Naftaly  Kinyua,Castle,Green grocery,Castle,Dormant,Main Client List,,,
Charity Njeri,0724210636,1392706,Nyahururu,Nancy Wamboi,20300,Farming,Ahiti,Dormant,Main Client List,,,
Jane Wakuthi Gichamba,0727583414,11818728,Naromoru,Silvester Muthomi,Burguret,Farming,Burguret,Active,Main Client List,,,
Monica Wanjiru,0706815518,25532121,ENGINEER,Milka,,,,Active,Loan Files,Ruth Wairimu Ngatia,0721320807,23050436
Cecilia Muthoni Murage,0795468749,35787001,Karatina,Caroline Mureithi,Jambo,Retail shop,Karatina,Dormant,Main Client List,,,
Gladys Mumbi Mwangi,0712638929,20184908,Karatina,Sharlet Sally,Kiamwangi,Farmer,Kiamwangi,Dormant,Main Client List,,,
Grace Mugure Macharia,0116606404,32517912,ENGINEER,Milka,,,,Active,Loan Files,Grace Wambui Ndiritu,0115444106,36158718
Lukas kabui,0759900772,,Unknown,Peter,,,,Active,Loan Files,Micheal Gatimu,,
Mercy Wanjira Wahome,0723771057,7323241,Karatina,Joseph Ngondi,Gikumbo,Farming,Gikumbo,Dormant,Main Client List,,,
Mercy Wakio Mwai,0719320359,13332877,Naromoru,Mercy  Karimi,Njoguini,Farming,Njoguini,Dormant,Main Client List,,,
Eva Wamuyu Waruguru,0719412237,28522352,Naromoru,David Wambugu,Soweto,Salon,Soweto,Active,Main Client List,,,
Loise Njoki Ngamau,0705311814,27452274,Nyahururu,Nancy Wamboi,47936,Onion wholeseller,Ndaragwa,Active,Main Client List,,,
Alice Wanjiku Kariuki,0703637040,34744183,Karatina,Sharlet Sally,Kiawarigi,Selling farm products,Kiawarigi,Dormant,Main Client List,,,
Hanna Wambui,0758997263,9392109,Nyahururu,Caroline Nyakio,0,Dairy farming,Karaguini,Dormant,Main Client List,,,
Stella Wangui Nyawira,0790351484,28426847,Naromoru,Naftaly  Kinyua,Naromoru,Hotel,Noromoru,Active,Main Client List,,,
Francis Njuguna Kiarii,0119173109,21539425,Nyahururu,Peter Nderitu Machira,Mukoe,Maize farming,Mukoe,Dormant,Main Client List,,,
Janet Muthoni Kinyua,0790544260,34963158,Karatina,Sharlet Sally,Karatina,Fruit vendor,Karatina,Active,Main Client List,,,
Mary Njeri Kamundiga,0790791661,22695670,Naromoru,David Wambugu,Chaka,Shop,Chaka,Active,Main Client List,,,
Gladys Wothaya Gachau,0725853279,22831199,Naromoru,Mercy  Karimi,Burguret,Farmer,Burguret,Active,Main Client List,,,
Alice Wainuku,0716558849,29029703,Karatina,Caroline Mureithi,Gitunduti,Farming,Gitunduti,Dormant,Main Client List,,,
Martha Wanjugu Maina,0714532944,29541202,Naromoru,Mercy  Karimi,Naromoru,Poultry farming,Naromoru,Active,Main Client List,,,
Fredrick Mutahi Mwangi,0711264913,25402684,Naromoru,Naftaly  Kinyua,10105,Green grocery,Naru-moru,Dormant,Main Client List,,,
Pauline Wanjiku Kimani,0711154802,25362649,Naromoru,Mercy  Karimi,Ha gituku,Green grocery,Ha gituku,Active,Main Client List,,,
Priscillah Nyambura Mutonya (REPEAT),0715885492,25467679,ENGINEER,Ann,,,,Active,Loan Files,Hannah Wairimu Githinji,0707572433,27189157
Teresiah Nduta Gitau,0717160355,26903488,ENGINEER,Milka,,,,Active,Loan Files,Kennedy Kirumba Gitau,0114975258,41733907
Serah Wambui Muthura,0725818764,124778336,Nyahururu,Damaris Ruguru,Nyahururu,Selling mitumba,Mailinne,Dormant,Main Client List,,,
Rachel Mwangi,0707670443,37132889,Nyahururu,Caroline Nyakio,Imenti,Pub,Imenti,Active,Main Client List,,,
Kenneth Mwirigi,0726022867,26395273,Nyahururu,Nancy Wamboi,Imenti,Mixed farming,Imenti,Active,Main Client List,,,
Millicent Waraichiri Mwangi,0710484755,25081169,Karatina,Caroline Mureithi,Ramunga,Retail shop,Ramunga,Dormant,Main Client List,,,
Susan Wanjiku Kirugo,0114231644,28182575,Naromoru,Silvester Muthomi,Chaka,Mtumba seller,Chaka,Active,Main Client List,,,
Joyce Macharia,0729417206,8678387,Nyahururu,Caroline Nyakio,00200,Dairy farming,Imenti,Active,Main Client List,,,
Faith Mwende Wambua,0113835351,25801641,Karatina,Simon Gichigi,Muthua,Retail shop,Muthua,Dormant,Main Client List,,,
Esther Kahihia,0722655548,,Unknown,Carol,,,,Active,Loan Files,Mary Wanjiru,,
Lydia Njeri Kamau,0701035799,2308800,Nyahururu,Peter Nderitu Machira,Karuga,Butchery,Karuga,Dormant,Main Client List,,,
Agnes Machua,0724446422,,Unknown,Peter,,,,Active,Loan Files,Mercy Busianei,,
Catherine Wangari Murithi,0790512348,26084088,Naromoru,Naftaly  Kinyua,Burguret,Farming,Burguret,Active,Main Client List,,,
Leah Wangechi Mwaniki,0725986031,22919746,Karatina,Simon Gichigi,Ndima,Timber sales,Ndima,Active,Main Client List,,,
Nancy Nyaguthii Ndegwa,0724633563,9075851,Naromoru,David Wambugu,New centre,Food kiosk,New centre,Active,Main Client List,,,
Mercy Nduta Ndoria,0728172915,24268322,Karatina,Sharlet Sally,Kabiruini,Agrovet,Kabiruini,Dormant,Main Client List,,,
Gladwell Thindi,0727387416,9056128,Nyahururu,Caroline Nyakio,0,Mutumba,Olkalao,Dormant,Main Client List,,,
Jacinta Wairimu Ndiritu,0719539477,21395966,Karatina,Sharlet Sally,Hiriga,Farmer,Hiriga,Dormant,Main Client List,,,
Lucy Nyacomba Mwangi,0710339502,11129479,Naromoru,Silvester Muthomi,Village 7,Restaurant,Village 7,Active,Main Client List,,,
Penina Mathenge,0748261697,,Unknown,Carol,,,,Active,Loan Files,Ruth Ndungu,,
Martin Kimathi Kariuki,0117422497,30353004,Naromoru,Silvester Muthomi,Kabaru,Bike repair,Kabaru,Active,Main Client List,,,
Jecinta Cubucu Jecinini,0792910729,38828895,Karatina,Caroline Mureithi,Karura,Hotel,Karura,Dormant,Main Client List,,,
Joyce Wambui Macharia,0717244567,26325865,Karatina,Caroline Mureithi,Rafina,Green grocery,Rafina,Dormant,Main Client List,,,
Beatrice Wangeci Kariamwere,0745736789,24924431,Naromoru,David Wambugu,Naromoru,Farming,Naromoru,Active,Main Client List,,,
Evaline Aleyo,0741213695,23071138,Nyahururu,Nancy Wamboi,20300,Green grocery,Ndaragwa,Active,Main Client List,,,
Esther Nyaguthii Maina,0790347176,38266727,Karatina,Caroline Mureithi,Kabiruini,Green grocery,Kabiruini,Dormant,Main Client List,,,
Monica Gatheca,0741227923,35466125,Nyahururu,Caroline Nyakio,Pesi,Onion reseller,Pesi,Dormant,Main Client List,,,
Catherine Wangechi Maina,0728586678,9935640,Nyahururu,Nancy Wamboi,Nyahururu,Cereals,Nhr market,Dormant,Main Client List,mary machera,0725585188,2527656
Serah Wambui Mwangi,0723213443,2078300,Karatina,Evaline Muthoni,Othaya,Hotel,Othaya,Dormant,Main Client List,,,
Lucy Wamjira Gachara,0100000000,34167443,Naromoru,Naftaly  Kinyua,Burguret,Pub,Burguret,Active,Main Client List,,,
Alice Nduta,0702512871,13531432,Karatina,Sharlet Sally,Hiriga,Selling farm products,Hiriga,Dormant,Main Client List,,,
Beatrice Wairimu Kinyua,0769836382,27003178,Karatina,Joseph Ngondi,Kigengi,Farming,Karatina,Dormant,Main Client List,,,
Pauline Nyambura,0708448209,614340,Nyahururu,Nancy Wamboi,20301,Retail,Mairo nne,Dormant,Main Client List,,,
Tabitha Wangari Wachira,0704825788,20994181,Nyahururu,Caroline Nyakio,Kasuku,Club,Kasuku stage,Dormant,Main Client List,,,
Lucy Njoki Muchina,0794113332,32309143,Nyahururu,Nancy Wamboi,1403,Onions dealer,Imenti,Active,Main Client List,,,
Jackline Wanjiru Ndambiri,0759433215,498459500,Naromoru,Naftaly  Kinyua,Kambi,Mtumba clothes,Kambi,Active,Main Client List,,,
Margrate Wanjiku Wanjiru,0716331873,36462397,Karatina,Peter Mathenge,Othaya,Hotel,Othaya,Dormant,Main Client List,,,
Agnes Wanjugu Maina,0724342004,27091490,Karatina,Simon Gichigi,Kabiruini,Green grocery,Kabiruini,Active,Main Client List,,,
Bancy Wanjiru Kimani,0795450709,38165338,Naromoru,Naftaly  Kinyua,Mukeru,Muguka base,Mukeru,Dormant,Main Client List,,,
Diana Kageha,0769409406,,Unknown,Peter,,,,Active,Loan Files,Tabitha Wandaka,,
Jane Wairimu Kairu,0794848933,31395002,Karatina,Sharlet Sally,Factory,Woodseller/farm products,Factory,Dormant,Main Client List,,,
Judy Wangui Mwangi,0797522015,33907826,Karatina,Caroline Mureithi,Gikumbo,Boutique,Gikumbo,Dormant,Main Client List,,,
Monicah Amondi Loriu,0711124852,36356565,Nyahururu,Peter Nderitu Machira,Rumuruti,General shop,Rumuruti,Dormant,Main Client List,,,
Harriet Wanjiru Kabuchi,0757604818,23164624,Nyahururu,Catherine Luyudi,Nyahururu town,Salon,Nyahururu,Dormant,Main Client List,francis muchau,070227036,24789825
Jane Ngata,0743647697,,Unknown,Peter,,,,Active,Loan Files,Charles Munene,,
Christine Nyokabi Bisonga,0724974652,21985939,Naromoru,Naftaly  Kinyua,Burguret,Poultry farmer,Burguret,Active,Main Client List,,,
Faith Muturi,0721318231,,Unknown,Carol,,,,Active,Loan Files,Eunice Nyambura,,
Grace Mumbi Kariuki,0712868309,21047438,Karatina,Simon Gichigi,Kiamabara,Farming/scrapmetals,Kiamabara,Dormant,Main Client List,,,
Elizabeth Njeri Wanjau,0725757048,13101861,Karatina,Peter Mathenge,Othaya,Food vendor,Othaya,Dormant,Main Client List,,,
Eddah Wambui Wahome,0791202562,22788146,Karatina,Simon Gichigi,Ihwagi,Farming,Ihwagi,Dormant,Main Client List,,,
Doris Gaigugi Mwiti,0704746868,26497652,Nyahururu,Peter Nderitu Machira,Rumuruti,Restaurant,Rumuruti,Dormant,Main Client List,,,
Diana Kangea,0769409406,39337572,Nyahururu,Peter Nderitu Machira,20300,Cereal shop,Kasuku,Dormant,Main Client List,,,
Samuel Gathuthi Munuhe,0748787503,29338176,Karatina,Evaline Muthoni,Kagochi,Firewood/avocado,Kagochi,Dormant,Main Client List,,,
Pauline Ngendo Gichuku,0769178955,24062811,Naromoru,Naftaly  Kinyua,Chaka,Grocery,Chaka,Dormant,Main Client List,,,
Teresiah Wanjiru Kanyi,0729296712,2950435,ENGINEER,Milka,,,,Active,Loan Files,Eneta Wambui Mwaniki,0797064929,25751645
Poline Muthoni,0714226124,20368523,Naromoru,David Wambugu,Mucuiri,Greengrocery,Naromoru,Active,Main Client List,,,
Alice Wanjiru Mucheru,0700705976,11630922,Naromoru,Naftaly  Kinyua,Naromoru,Green grocery,Naromoru,Active,Main Client List,,,
Mary Mwikali Mang'uru,0798433762,38579424,Naromoru,David Wambugu,New centre,Gas refilling point,New centre,Active,Main Client List,,,
Patrick Mathenge Wachira,0743201965,13212667,ENGINEER,Ann,,,,Active,Loan Files,Paul Ng'ang'a Gichuhi,0712089478,24583280
Beth Kiarie,0705757348,,Unknown,Peter,,,,Active,Loan Files,Margaret Maina,,
Ann Karua,0714734249,,Unknown,Peter,,,,Active,Loan Files,Nancy Mwangi,,
Esther Ngima Nguyo,0728585471,13537821,Karatina,Sharlet Sally,Kiawarigi,Green grocery,Kiawarigi,Dormant,Main Client List,,,
Cecilia Muraya,0721961454,27994393,Nyahururu,Nancy Wamboi,20300,Farming,Mutara,Dormant,Main Client List,esther  kariuki,0714126599,23321714
Margaret Wangechi Mugo,0721572161,13645794,Nyahururu,Peter Nderitu Machira,Nyahururu,Selling clothes,Garden estate,Dormant,Main Client List,,,
Mary Mwaura,0708199244,3558521,Nyahururu,Nancy Wamboi,Stadium road,Liquor store,Behind sherif,Dormant,Main Client List,,,
Alice Muthoni Wachira,0720233892,23742451,Karatina,Simon Gichigi,Ihwagi,Salon,Ihwagi,Active,Main Client List,,,
Robai Khamaywa Anguba,0711652508,36646734,Karatina,Caroline Mureithi,Muthua,Green grocery,Muthua,Dormant,Main Client List,,,
James Njuki Kaboro,0703915750,6091456,Nyahururu,Peter Nderitu Machira,Ngobet,Farming/selling farming products,Ngobet,Dormant,Main Client List,,,
Faith Kagwiria Magiri,0717954165,21893433,Naromoru,David Wambugu,Naromoru,Green grocery,Naromoru,Dormant,Main Client List,,,
Esther Gachingiri,0795157747,3723880,Nyahururu,Peter Nderitu Machira,Rumuruti,Agri business,Rumuruti,Dormant,Main Client List,,,
Virginia Wangui Kabaiku,0715010933,27960445,Naromoru,Silvester Muthomi,Matanya,Pub,Matanya,Active,Main Client List,,,
Grace Muringi Maina,0721601785,32117338,Karatina,Peter Mathenge,Othaya,Spare parts,Othaya,Dormant,Main Client List,,,
Tabitha Wachira,0704825688,,Unknown,Carol,,,,Active,Loan Files,Jane Muthoni,,
Richard Kariuki Migwi,0797805679,21461019,Karatina,Simon Gichigi,Karatina,Gomba,Karatina,Dormant,Main Client List,,,
Glagys Waweru,0717622386,,Unknown,Peter,,,,Active,Loan Files,Milka Wanjiku,,
Ann Wanjiku Njoroge,0724260510,25089546,Naromoru,Naftaly  Kinyua,Matanya,Salon,Matanya,Active,Main Client List,,,
Esther Gathoni Chege,0724706953,25476433,ENGINEER,Milka,,,,Active,Loan Files,Josphine Njoki Ndung'u,0725569996,8335014
Ephraim Irimu Gichuki,0727827800,13321938,Karatina,Simon Gichigi,Karatina,Saw miller,Karatina,Dormant,Main Client List,,,
Mirriam Wanjiku Gitonga,0725714984,20196938,ENGINEER,Milkah Wagaki Kihara,,,,Active,Loan Files,Regina Wangari Mwangi,0742754722,23459786
Catherine Njeri Muriuki,0704506325,27004118,Karatina,Caroline Mureithi,Kabiruini,Retail shop,Kabiruini,Dormant,Main Client List,,,
Esther Wanjiru Muriithi,0706271012,25567675,Karatina,Caroline Mureithi,Nyeri/kangemi,Hotel,Nyeri/kangemi,Dormant,Main Client List,,,
Rose Wangui Ndirangu,0727377119,27213700,Karatina,Sharlet Sally,Hiriga,Farmer,Hiriga,Dormant,Main Client List,,,
Dorcas Nyandia Matimu,0718244577,20956950,Karatina,Sharlet Sally,Mukurweini,Gabage collection,Mukurweini,Dormant,Main Client List,,,
Lucy Wanyaga Wangware,0707679737,28037266,Karatina,Caroline Mureithi,Kagochi,Farming,Kagochi,Dormant,Main Client List,,,
Eunice Nancy Nyaguthii Mwangi,0111221071,23383011,Naromoru,Silvester Muthomi,Naromoru,Grocery,Naromoru,Active,Main Client List,,,
Ann Wangui Maina,0728562926,25226013,Naromoru,Silvester Muthomi,Castle,School uniforms,Castle,Active,Main Client List,,,
Joyce Wanjira Muturi,0718819317,21923743,Karatina,Peter Mathenge,Mukuruweini,Green grocery,Mukurweini,Dormant,Main Client List,,,
Peter Maina Mwangi,0723865952,21507963,Nyahururu,Damaris Ruguru,Gatundia,Carpenter,Gatundia,Dormant,Main Client List,,,
Salome Kibunja,0719105265,11306416,Nyahururu,Peter Nderitu Machira,20300,Malimali shop,Muhaka-ini,Dormant,Main Client List,,,
Hannah Wanjiku Kabuku,0729238210,38654091,Nyahururu,Caroline Nyakio,Mailinne,General shop,Mailinne,Dormant,Main Client List,,,
George Njoroge Kamande,0718668200,22326151,Naromoru,Charles Kingori,10105,Farming,Kwa j,Active,Main Client List,,,
Jackson Njogu Ndekei,0758457833,33003036,ENGINEER,Milka,,,,Active,Loan Files,Benson Muthee Kinyanjui,0114361766,42559385
Benson Ndirangu Wahome,0748485559,28086482,Nyahururu,Peter Nderitu Machira,20300,Butchery,Ngomongo,Dormant,Main Client List,,,
Mercy Karimi Kirangi,0141204839,32753371,Naromoru,David Wambugu,Naromoru,Food kiosk,Naromoru,Active,Main Client List,,,
Jane Wanjiru Ngata,0743647697,31385905,Nyahururu,Peter Nderitu Machira,Kirima,Farming,Kirima,Dormant,Main Client List,,,
Peter Gichohi Kihara,0720709061,14519083,Naromoru,David Wambugu,Naromoru,Shoes vendor,Naromoru,Active,Main Client List,,,
Paulina Kipkurui,0700132036,,Unknown,Carol,,,,Active,Loan Files,Annet Cherotich,,
Hannah Kuria,0799871943,13395242,Nyahururu,Caroline Nyakio,0,Bakery,Siberia,Dormant,Main Client List,,,
Jane Kuuti,0768824476,,Unknown,Carol,,,,Active,Loan Files,Diana Okeyo,,
Purity Gaceri Kithaka,0728439557,32369527,Karatina,Evaline Muthoni,Ciaraini,Tailoring,Ciaraini,Dormant,Main Client List,,,
Joseph Murimi Wanjohi,0722401247,759093,Karatina,Simon Gichigi,Ragati,Farming,Ragati,Dormant,Main Client List,,,
Lucy Wangui,0720813561,22860388,Nyahururu,Caroline Nyakio,0,Beauty & cosmetics,Mairo inya,Dormant,Main Client List,,,
Mary King'ori,0792149332,34566066,Nyahururu,Peter Nderitu Machira,Leshau,Selling mitumba,Leshau,Dormant,Main Client List,,,
Samuel Wachira Wairimu,0706656148,26620909,Karatina,Joseph Ngondi,Tetu,Green grocery/fruits vendor,Tetu,Dormant,Main Client List,,,
Jane Theuri,0795544079,35917647,Nyahururu,Caroline Nyakio,00200,Shop,Maringine,Dormant,Main Client List,,,
Rhoda Khasandi Namale,0757691210,26154965,Karatina,Lisper Gatwiri,Karidundu/karatina,Fish seller,Karatina,Dormant,Main Client List,,,
Salome Wanjiru Wachira,0745707906,31204394,Naromoru,David Wambugu,Naromoru,Kuku vendor,Naromoru,Active,Main Client List,,,
Daisy Chepchumba,0705557044,22557992,Nyahururu,Catherine Luyudi,Igwamiti,Kibanda,Igwamiti,Dormant,Main Client List,,,
Rahab Wanjiru Mbui,0714200118,25063634,Karatina,Simon Gichigi,Gachika,Food vendor/farming,Gachika,Dormant,Main Client List,,,
Jannifer Wambui Wangui,0768845384,23728337,Naromoru,Mercy  Karimi,Chaka,Grocery,Chaka,Active,Main Client List,,,
Mary Wambui Kamau,0728957427,23647610,Naromoru,Mercy  Karimi,Mureru,Electronics,Mureru,Dormant,Main Client List,,,
Paulina  Chepborir Kipkurui,0700132036,9935036,Nyahururu,Caroline Nyakio,Rumuruti,General shop,Kings academy,Dormant,Main Client List,,,
Margaret Lomitiri Ekai,0740548417,23278725,Nyahururu,Caroline Nyakio,Rumuruti,Farming,Rumuruti,Dormant,Main Client List,,,
Beatrice Wairimu Mukumbu,0704064377,24285285,Naromoru,David Wambugu,Mureru,Pub,Mureru,Active,Main Client List,,,
Elizabeth Nyawira Ndirangu,0715853386,30054336,Naromoru,Mercy  Karimi,Burguret,Fast foods,Burguret,Dormant,Main Client List,,,
Teresa Wanjiku Nyaguthii,0716872853,21791345,ENGINEER,Ann Wangari Rigio,,,,Active,Loan Files,Jane Njeri Wanjiku,0727142888,42233463
Peter Maina Mworia,0703560538,21905797,ENGINEER,Milka,,,,Active,Loan Files,David Maina Wambui,0758411395,35607675
Mary Wanjiku Wachira,0726543934,23293606,Naromoru,David Wambugu,Mureru,Second hand clothes,Mureru,Active,Main Client List,,,
Esther Kimari,0726683825,26757694,Nyahururu,Caroline Nyakio,Shamata,Shop,Shamata,Dormant,Main Client List,,,
Clara Mwikali Muli,0704108834,29122459,Karatina,Lisper Gatwiri,Hiriga,Farming,Hiriga,Dormant,Main Client List,,,
Nyahururu,Dormant,,,,,,,,Main Client List,,,
Joyce Chesang Kesses,0718659733,10938145,Nyahururu,Caroline Nyakio,Rumuruti,Shop,Rumuruti,Dormant,Main Client List,,,
Simon Kanja Murithi,0742129198,20946593,Naromoru,Naftaly  Kinyua,Karimeno,Dairy farming,Karimeno,Dormant,Main Client List,,,
David Gitonga Kiiniki,0704964590,37115552,Karatina,Simon Gichigi,Karatina,Mechanic /fabricactor,Karatina,Dormant,Main Client List,,,
Jemimah Wanjiru Wachira,0724840884,27525855,Karatina,Sharlet Sally,Ragati,Green grocery,Ragati,Dormant,Main Client List,,,
Janet Koech,0795884457,,Nyahururu,Damaris,,,,Active,Loan Files,Regina Lorei,0724263450,
Tabitha Wangechi Macharia,0704244146,25716147,Nyahururu,Damaris Ruguru,Rumuruti,Hotel,Rumuruti,Dormant,Main Client List,,,
John Maingi,0724712026,,Unknown,Cate,,,,Active,Loan Files,Leah Karimi,,
Lucia Macharia,0715390575,,Unknown,Carol,,,,Active,Loan Files,Daniel Maina,,
Joyce Mumbi Karianjahi,0724745743,27198123,Karatina,Simon Gichigi,Mukuruweini,Dairy farming,Mukurweini,Dormant,Main Client List,,,
Jane Njogu,0746811444,7038285,Nyahururu,Caroline Nyakio,Rumuruti,Retail shop,Rumuruti,Dormant,Main Client List,,,
Esther  Wambui Kimani,0719700664,13212790,Nyahururu,Nancy Wamboi,7013,Dairy farming,Mitindiri,Dormant,Main Client List,,,
Purity Mwangi,0746999243,2485509,Nyahururu,Caroline Nyakio,Shamata,Grocery,Shamata,Dormant,Main Client List,,,
Jane Wanjiru Muriithi,0702661812,9581815,Naromoru,Mercy  Karimi,Kiganjo,Fast food kiosk,Kiganjo,Active,Main Client List,,,
Evalyne  Wangui Wanjiru,0745967398,36501682,Naromoru,Mercy  Karimi,Soweto,Hotel,Soweto,Active,Main Client List,,,
Consolata Wangeci Murigu,0710601342,10134255,Karatina,Sharlet Sally,Kiawarigi,Dairy farmer,Kiawarigi,Active,Main Client List,,,
Lucy Murugi Gichugi,0725868843,22774883,Karatina,Simon Gichigi,Rititi,Bar,Rititi,Dormant,Main Client List,,,
Janeffer Wahito Gakuru,0715297665,37077130,Karatina,Caroline Mureithi,Maganjo,Farming/scrapmetals,Maganjo,Dormant,Main Client List,,,
Salome Njeri Mbuthia,0710359610,28382916,ENGINEER,Milka,,,,Active,Loan Files,Mary Njeri Kamau,0716427700,26689967
Julia Kathina Mbuki,0720887990,7721375,Naromoru,Silvester Muthomi,Naromoru,Hotel,Naromoru,Active,Main Client List,,,
Elizabeth Gachathi,0114732234,10245914,Nyahururu,Nancy Wamboi,201917,Hotel,Behind nuclear,Dormant,Main Client List,,,
Lucy Munene,0720813561,,Unknown,Carol,,,,Active,Loan Files,Cecilia Mumbua,,
Lucy Nyoro,0717796794,13645220,Nyahururu,Caroline Nyakio,0,Dairy farm,Pasenga,Dormant,Main Client List,,,
John Ndungu Mwangi,0720241837,23912762,Nyahururu,Peter Nderitu Machira,Ol-joro-orok,Boutique,Ol-joro-orok,Dormant,Main Client List,,,
Peris Wangui Wanjugu,0712005347,27634428,Nyahururu,Peter Nderitu Machira,Rumuruti,Green grocery/mitumba,Rumuruti town,Dormant,Main Client List,,,
Erick Mwaki Mutiria,0796787883,40305051,Karatina,Evaline Muthoni,Muthua,Malimali seller,Karatina,Active,Main Client List,,,
Purity Wanjiku Njuki,0796660836,30063347,Karatina,Caroline Mureithi,Kiamariga,Grocery,Kiamariga,Dormant,Main Client List,,,
Samson Njenga Nderitu,0710685485,21244628,Karatina,Simon Gichigi,Ngandu,Barber,Ngandu,Dormant,Main Client List,,,
John Musyoka Kamene,0707420132,28726796,ENGINEER,Ann,,,,Active,Loan Files,Ann Wambui Nyambura,0748413174,23795806
Esther Wanjira Mwangi,0712780643,26365335,Naromoru,Silvester Muthomi,Giachuma,Restaurant,Giachuma,Active,Main Client List,,,
Susan Ndinda Kinyua,0110688130,28498632,Karatina,Caroline Mureithi,Njatheini,Farming,Njatheini,Active,Main Client List,,,
Jane Wanjiku Mbuthia,0799544006,25144548,Karatina,Sharlet Sally,Mukuruweini,Farming,Maganjo,Dormant,Main Client List,,,
Jecinta Wachuka Muriithi,0113180442,39312806,Nyahururu,Damaris Ruguru,Nyahururu,Spare parts shop,Nyahururu,Dormant,Main Client List,,,
Naomi Gitura,0794029149,26365817,Nyahururu,Peter Nderitu Machira,20300,Salon,Mairo nne,Dormant,Main Client List,,,
Lydia Wanjiru Gathura,0748586361,22197943,Nyahururu,Caroline Nyakio,Gatombiru,Soap seller,Gatombiru,Dormant,Main Client List,,,
Monica Nyambura Gatimu,0723553746,13454318,Karatina,Evaline Muthoni,Kangaita,Farming,Kangaita,Active,Main Client List,,,
Grace Muthoni Muraya,0701257897,26484537,Nyahururu,Peter Nderitu Machira,Ndaragwa,Selling clothes,Jikaze,Dormant,Main Client List,,,
Edith Gathigia,0724137855,29308215,Naromoru,Mercy  Karimi,Chaka,Grocery,Chaka,Active,Main Client List,,,
Florence Nyambura Mwangi,0758796378,23888450,Karatina,Peter Mathenge,Kanyange,Green grocery,Kanyange,Active,Main Client List,,,
Patrick Maina Kimani,0726706952,10316454,Nyahururu,Peter Nderitu Machira,Maili saba,Timber processing,Mailisaba,Dormant,Main Client List,,,
Jeresa Muthoni Gaceru,0791526649,34668382,Naromoru,David Wambugu,Naromoru,Grocery,Naromoru,Active,Main Client List,,,
Agnes Muburi,0704163771,22008964,Nyahururu,Caroline Nyakio,Kisima,Shop,Nyahururu-olkalao road,Dormant,Main Client List,,,
Beth Muiruri,0720630896,2219045,Nyahururu,Caroline Nyakio,Mathenge,Shop,Rumuruti-maralal road,Dormant,Main Client List,,,
Hannah Muraguri,0746405759,,Unknown,Cate,,,,Active,Loan Files,Sara Migwi,,
Charles Kiarie,0722591581,9266988,Nyahururu,Caroline Nyakio,Madaraka,Furnitures,Madaraka,Dormant,Main Client List,,,
Nelson Mwangi Kirima,0791724230,22118116,ENGINEER,Ann,,,,Active,Loan Files,Paul Thiong'o Mwangi,0717034868,22008675
Jane Mukami Nyiha,0721730653,34602461,Karatina,Peter Mathenge,Ndunyu,Salon,Ndunyu,Active,Main Client List,,,
Sallyloise Wangari Githogori,0791731867,28144828,Karatina,Simon Gichigi,Kiawarigi,Food services,Kiawarigi,Dormant,Main Client List,,,
Mary Njeri Kimani,0710807679,25221358,ENGINEER,Ann,,,,Active,Loan Files,Beth Wambui Kihiko,0796478898,42273689
Mercy Wairimu Njuguna,0746828913,37703695,Nyahururu,Caroline Nyakio,Maili nne,General shop,Maili nne,Dormant,Main Client List,,,
Jemimah Wangui Gathimbi,0713874735,25570665,Karatina,Sharlet Sally,Karatina,Salon,Karatina,Dormant,Main Client List,,,
Maurine Kagwora,0723858169,26005826,Nyahururu,Caroline Nyakio,00200,Timberyard,Madaraka,Dormant,Main Client List,,,
Caroline Wairimu Wambui,0746421447,23133717,Karatina,Sharlet Sally,Jambo,Salon/cosmetics,Jambo,Active,Main Client List,,,
Judy Nyambura Kamochie,0724303162,35955151,Karatina,Sharlet Sally,Mukuruweini,Farming,Mukurweini,Dormant,Main Client List,,,
Mercy Macharia,0715228494,,Unknown,Peter,,,,Active,Loan Files,Mercy Njoiki,,
Simon Loter,0791933445,,Nyahururu,Damaris,,,,Active,Loan Files,Charles Wambugu,0726765939,
Peter Mbugua,0721356359,,Unknown,Cate,,,,Active,Loan Files,Duncan Njeri,,
Milfrida Nyaboke,0742982500,2620781,Nyahururu,Caroline Nyakio,Subukia,Hotel and fruits,Subukia,Dormant,Main Client List,,,
Mary Njoki Muiruri,0727698567,24284156,Nyahururu,Nancy Wamboi,20300,Hotel,Nyahururu,Dormant,Main Client List,,,
Lydiah Gathura,0748586361,,Unknown,Carol,,,,Active,Loan Files,Julia Wanjiku,,
Alice Wachuka Gitonga,0720653621,237570,Naromoru,Mercy  Karimi,Burguret,Poultry farming,Burguret,Active,Main Client List,,,
Godfrey Mwai Gatimu,0725555578,21322670,Karatina,Simon Gichigi,Karatina,Carpentry,Karatina,Active,Main Client List,,,
Grace Mbuki Macharia,0790473403,19594792,Karatina,Peter Mathenge,Kihuri,Poutry and livestock farming,Kihuri,Dormant,Main Client List,,,
Lucy Wanjiru Karue,0713415726,23258715,Karatina,Sharlet Sally,Karatina,Farming,Kiawarigi,Dormant,Main Client List,,,
Keziah Wangu Kagure,0795002801,37518941,Karatina,Peter Mathenge,Muthua,Scrap metal dealer,Muthua,Dormant,Main Client List,,,
Lydiah Wangui Wacira,0703747349,29236059,Karatina,Simon Gichigi,Kahiga,Bar,Kahiga,Dormant,Main Client List,,,
Esther Wairimu Mutugi,0729581037,9303301,Karatina,Caroline Mureithi,Ntatheini,Farming,Ntatheini,Dormant,Main Client List,,,
Daina Kajuju,0742282927,26714636,Nyahururu,Caroline Nyakio,Pesi,Electronics,Pesi,Dormant,Main Client List,,,
Patricia Wamuyu Gakui,0715363435,23725649,Karatina,Simon Gichigi,Gachika,Farming,Gachika,Active,Main Client List,,,
Sarah Wanjiku Mbuthu,0797435912,32003644,Karatina,Sharlet Sally,Kiarithaini,Green grocery,Jambo,Dormant,Main Client List,,,
Zipporah Muthoni Mureithi,0700480519,23593717,Nyahururu,Nancy Wamboi,Mutura,Selling milk,Mutura,Dormant,Main Client List,,,
Daniel Muraba Wambui,0728981668,21198347,Nyahururu,Damaris Ruguru,Mailinne,Photography,Thomson falls,Dormant,Main Client List,,,
Jane Wairimu Mwai,0742528465,3712878,Karatina,Sharlet Sally,Mathaithi,Farmer,Mathaithi,Dormant,Main Client List,,,
Eunice Wangari Gichuki,0769513802,23124386,Karatina,Caroline Mureithi,Kangemi/nyeri,Hotel,Kangemi/nyeri,Dormant,Main Client List,,,
Evans Omwenga,0701944642,36640035,Karatina,Caroline Mureithi,Mukuruweini,Hotel,Mukurweini,Dormant,Main Client List,,,
Mercy Wanjiru Maina,0701187397,24272958,Naromoru,Mercy  Karimi,Soweto,Farmer,Soweto,Active,Main Client List,,,
Margaret Wanjira Muthoni,0729901959,26692172,Naromoru,Mercy  Karimi,Naromoru,Grocery,Naromoru,Dormant,Main Client List,,,
Beth Wanjiku Gitau,0795366039,25846660,Karatina,Shyrine Njue,Kiamariga,Mtumba,Kiamariga,Dormant,Main Client List,,,
Sarah Nderitu,0715706681,28779840,Unknown,Peter,,,,Active,Loan Files,Samuel Maina,0722948117,41866707
Martha Wambui Mwangi,0713404733,21496227,ENGINEER,Ann Wangari Rigio,,,,Active,Loan Files,Victor Kuria Mwangi,0769821355,36490785
Susan Modo,0721991675,20347847,Nyahururu,Caroline Nyakio,Rumuruti,Farming,Rumuruti -road,Active,Main Client List,,,
Anne Wangechi Maina,0725214493,14648317,Karatina,Caroline Nyakio,Gitunduti/karatina,Farming,Gitunduti/karatina,Dormant,Main Client List,,,
Lydiah Wamuyu Gacheru,0700215714,26725986,Karatina,Joseph Ngondi,Gitunduti/karatina,Hotel/malimali,Gitunduti/karatina,Dormant,Main Client List,,,
Hillary Kirwa,0729518016,31331138,Nyahururu,Peter Nderitu Machira,Muchemi,Farming,Charagita,Dormant,Main Client List,,,
George Njuguna,0710733293,,Nyahururu,Carol,,,,Active,Loan Files,Peter Ndungu,0742259071,
Priscah Akinyi Opiyo,0797379334,38572104,Karatina,Joseph Ngondi,Mukuruweini,Fish vendor,Mukurweini,Dormant,Main Client List,,,
Fredrick Karanja,0727176910,24056745,Nyahururu,Caroline Nyakio,0,Land & properties,Nyahururu,Active,Main Client List,,,
Janeffer Wangari Kinyua,0799581825,20191032,Karatina,Simon Gichigi,Muthua,Green grocery,Muthua,Dormant,Main Client List,,,
Faith Njogu,0710918080,,Unknown,Cate,,,,Active,Loan Files,Lilian Gathigia,,
Leah Kanyango,0721950008,,Unknown,Peter,,,,Active,Loan Files,Alice Wachira,,
Patience Mumo Ngonzi,0743534921,31855559,Naromoru,Naftaly  Kinyua,Naromoru,Salon,Naromoru,Active,Main Client List,,,
George Ndirangu,0711382851,28298191,Unknown,cate,,,,Active,Loan Files,chanti ndirangu,0758274400,
Rachel Wangu Githui,0711286456,22127208,Karatina,Simon Gichigi,Ihwagi,Farming,Ihwagi,Dormant,Main Client List,,,
Rose Ikua,0706241487,29235850,Naromoru,Silvester Muthomi,Castle,Green grocery,Castle,Active,Main Client List,,,
Lucy Wanjiku Mwangi,0711299291,9553106,Naromoru,Naftaly  Kinyua,Village 3,Charcoal vendor,Naromoru,Dormant,Main Client List,,,
Faith Maretu Lebene,0792670390,29970164,Karatina,Simon Gichigi,Karatina,Mutumba,Karatina,Dormant,Main Client List,,,
Tabitha Wangari Kimani,0715484117,26275607,ENGINEER,Milka,,,,Active,Loan Files,Juliana Nyokabi Njogu,0704296513,27178975
Rebecca Akai Nairia,0740326857,41416267,Nyahururu,Peter Nderitu Machira,Rumuruti,Green grocery,Rumuruti town,Dormant,Main Client List,,,
Lydiah Nyawira Muriuki,0798842816,28282772,Karatina,Caroline Mureithi,Giakaibei,Farming,Giakaibei,Dormant,Main Client List,,,
Rodah Ngarari,0725559308,,Unknown,Peter,,,,Active,Loan Files,Susan Nderitu,,
Serah Wairimu Kinyua,0715368458,24713898,Naromoru,Silvester Muthomi,Mwichwiri,Scrap metals,Mucwiri,Active,Main Client List,,,
Joyce Wanjiku Ngure,0724987809,23021838,Karatina,Sharlet Sally,Factory,Boutique,Factory,Dormant,Main Client List,,,
Priscilla Wangui Mwangi,0725880687,23800798,Naromoru,David Wambugu,Mureru,Pub,Mureru,Active,Main Client List,,,
Purity Wanjiru,0713290488,12477096,Naromoru,David Wambugu,Naromoru,Bar,Naromoru,Active,Main Client List,,,
Joyce Mwangi,0711686002,13844502,Nyahururu,Nancy Wamboi,1071,Mixed farming,Tumaini,Dormant,Main Client List,,,
Grace Wangui Ngunjiri,0723704356,14519310,Karatina,Sharlet Sally,Karatina,Green grocery,Trppledreams/karatina,Dormant,Main Client List,,,
Caroline Wanjiru Mwangi,0768932840,31538490,Karatina,Simon Gichigi,Karatina,Onion sales,Karatina,Dormant,Main Client List,,,
Mary Muthoni Kanja,0799113717,29844329,Karatina,Caroline Mureithi,Kiamariga,Green grocery,Kiamariga,Active,Main Client List,,,
Grace Wamucii Wanyiri,0700552955,26759747,Karatina,Caroline Mureithi,Kangemi,Green grocery,Kangemi,Dormant,Main Client List,,,
Mary Wanjira Kamanga,0708710644,708710644,Karatina,Simon Gichigi,Karatina,Furnitures,Karatina,Active,Main Client List,,,
Rose Wainuku Mithamo,0740732813,33398600,Karatina,Evaline Muthoni,Ngorano,Farming,Ngorano,Dormant,Main Client List,,,
James Wanyiri,0714503794,22285121,Nyahururu,Caroline Nyakio,0,Farming,Karagoine,Dormant,Main Client List,,,
Elizabeth Njoki Kariuki,0746202511,34847308,Karatina,Caroline Mureithi,Kibingoti,Hotel,Kibingoti,Dormant,Main Client List,,,
Rosemary Maina,0724153150,9856848,Nyahururu,Nancy Wamboi,20300,Poultry farming,Losogwa,Dormant,Main Client List,,,
Esther kimani,0719700664,13212790,Nyahururu,Joseph,,,,Active,Loan Files,peter kimani,0107748401,28519319
Nancy Wanjiku Kiguta,0721841322,23797035,Naromoru,David Wambugu,Naromoru,Club,Mureru,Active,Main Client List,,,
Gladys Hiuko,0715709400,,Unknown,Carol,,,,Active,Loan Files,Agnes Nduta,,
Beatrice Mumbi Karombu,0795381249,35988036,Karatina,Sharlet Sally,Kaiyaba,Farmer,Kaiyaba,Active,Main Client List,,,
Grace Gachuhi,0726949202,10810897,Nyahururu,Peter Nderitu Machira,20300,Dairy farming,Kwa wanjiku,Dormant,Main Client List,,,
Margrate Wangeci Gitahi,0702989985,25023111,Karatina,Caroline Mureithi,Mukurweini,Selling fruits,Mukurweini,Dormant,Main Client List,,,
Godfrey Maina,0715365131,10119342,Nyahururu,Nancy Wamboi,20300,Poultry farming,Charagita,Dormant,Main Client List,,,
Margaret Ndaruga,0700016404,22163093,Nyahururu,Peter Nderitu Machira,20300,General shop,Shamata,Dormant,Main Client List,,,
Judy Wanjiru Ndirangu,0702391570,24081458,Naromoru,Silvester Muthomi,Castle,Restaurant,Castle,Dormant,Main Client List,,,
Magdalena Nthenya Kibira,0728773328,24554852,Karatina,Evaline Muthoni,Kaiyaba,Food kiosk,Kaiyaba,Dormant,Main Client List,,,
Jane Waithera,0700083991,28514706,Nyahururu,Peter Nderitu Machira,20300,Clothss,Kasuku,Active,Main Client List,,,
Jane Muthoni Mwaniki,0721086504,9322781,Naromoru,Mercy  Karimi,Naromoru,Beauty shop,Naromoru,Active,Main Client List,,,
Abigael Gichemba Noah (REPEAT),0746130036,32798367,ENGINEER,Ann,,,,Active,Loan Files,John Kanini Nyaga,0702014098,26654076
Anne Karua,0714734249,28334732,Nyahururu,Peter Nderitu Machira,Kwa njora,Mobile business,Kwanjora,Dormant,Main Client List,,,
Esther Wairimu Warutere,0723665882,27844702,Naromoru,Naftaly  Kinyua,Chaka,Grocery,Chaka,Active,Main Client List,,,
Caroline Ngugi,0743725400,36003117,Nyahururu,Peter Nderitu Machira,20300,Fruit selling,Jikaze,Dormant,Main Client List,,,
Susyline Mukomune,0723495587,,Unknown,Carol,,,,Active,Loan Files,Joyce Macharia,,
Pamela Kathambi Kirimi,0790944924,12692281,Karatina,Caroline Mureithi,Muthuthi -ini,Farming,Mukurweini,Dormant,Main Client List,,,
Zipporah Muriithi,0700480519,,Unknown,Cate,,,,Active,Loan Files,Teresia  Maina,,
Benard Thiongo Kambo,0115060915,27301870,Karatina,Caroline Mureithi,Karatina,Photography,Karatina,Dormant,Main Client List,,,
Naomi Mbuthia,0790058345,108881495,Nyahururu,Nancy Wamboi,Charagita,Dairy farming,Muchami village,Dormant,Main Client List,,,
Charity Wanjiru Kinyua,0716207585,28763662,Naromoru,Silvester Muthomi,Chaka,Green grocery,Chaka,Active,Main Client List,,,
Ann Dorothy Wanjiru Nduta,0703965738,23134564,Karatina,Caroline Mureithi,Giakaibei,Farming,Giakaibei,Dormant,Main Client List,,,
Elizabeth Njambi Chege,0726541516,22162392,Naromoru,Naftaly  Kinyua,Castle,Charcoal vendor,Castle,Active,Main Client List,,,
James Njuguna,0718886595,32820266,Nyahururu,Peter Nderitu Machira,20300,Movie show roo.,Shamata,Dormant,Main Client List,,,
Hellen Wainana,0727059976,25765046,Nyahururu,Nancy Wamboi,20300,Saloon,Nyahururu,Active,Main Client List,joseph munene,0714716360,33092811
Tabitha Wangari Ndiro,0794080835,39262726,ENGINEER,Ann,,,,Active,Loan Files,Esther Nyakiri Chege,0743958657,24573957
Winnie Ndirangu,0759607572,32416632,Nyahururu,Caroline Nyakio,Makutano,Retail shop,Makutano,Dormant,Main Client List,,,
Purity  Kanoti Mutiiria,0708457828,32104592,Karatina,Evaline Muthoni,Tetu/kamuyu,Salonist,Kamuyu/tetu,Dormant,Main Client List,,,
Samuel Muigai Gichia,0702028822,8207591,Nyahururu,Peter Nderitu Machira,20300,Selling potatoes,Kwanjora,Dormant,Main Client List,,,
Mary Wanjiru Ngatia,0726151673,23469396,Naromoru,Mercy  Karimi,Chaka,Fast food kiosk,Chaka,Active,Main Client List,,,
Peris Kendi,0796873604,31417990,Karatina,Peter Mathenge,Muthinga,Hotel,Muthinga,Dormant,Main Client List,,,
Emmaculate Wanjiku Wanjiru,0769026005,37690275,Naromoru,Naftaly  Kinyua,Karundas,Saloon,Karundas,Dormant,Main Client List,,,
Beatrice Nyawira Murage,0757231363,37638237,Karatina,Caroline Mureithi,Kiamariga,Hotel,Kiamariga,Dormant,Main Client List,,,
Jane Wambui Munyeki,0721623715,8653090,Karatina,Lisper Gatwiri,Gachika/karatina,Farming,Gachika,Dormant,Main Client List,,,
Margrate Wanjiku Njange,0711966584,10189672,Karatina,Evaline Muthoni,Othaya,Second hand clothes,Othaya,Dormant,Main Client List,,,
Irene Muinde,0701676104,303131093,Nyahururu,Caroline Nyakio,Maili nne,Shop,Maili nne,Dormant,Main Client List,,,
Sera Muringa Ruoro,0740897616,24633265,ENGINEER,Milka,,,,Active,Loan Files,Obadiah Mburu Ruoro,0712477429,26795344
Purity Karimi Githaga,0701791746,35181503,Karatina,Simon Gichigi,Kiawarigi,Farm food vendor,Kiawarigi,Dormant,Main Client List,,,
Jane Watiri Murage,0708784519,27154234,Karatina,Caroline Mureithi,Karatina,Green grocery,Karatina,Dormant,Main Client List,,,
Jennifer Samuel,0725709459,,Unknown,Carol,,,,Active,Loan Files,Kenneth kuria,,
Richard Sike,0722340765,40145313,Nyahururu,Nancy Wamboi,Thome road,Car wash,Rumuruti,Active,Main Client List,,,
Cecilia Wangeci Muriithi,0745488891,28338306,Naromoru,David Wambugu,Matanya,Salon,Matanya,Dormant,Main Client List,,,
Jane Mweru Murimi,0728106198,26656524,Karatina,Simon Gichigi,Ihiga,Scrap metals,Ihiga,Dormant,Main Client List,,,
Josephine Chebet,0791967871,29333499,Nyahururu,Caroline Nyakio,Rumuruti,Butchery and hotel,Savannah,Dormant,Main Client List,,,
Damaris Wairimu Mwangi,0706440137,10751603,Karatina,Caroline Mureithi,Mukuruweini,Farming,Mukurweini,Dormant,Main Client List,,,
Esther Muthoni Hinga,0714472831,29174318,Naromoru,Naftaly  Kinyua,Chaka,Poultry farming,Chaka,Dormant,Main Client List,,,
Anthony Wainaina Muthoni,0724479261,28463770,Nyahururu,Caroline Nyakio,Huhoini,Selling mitumba,Nyahururu,Dormant,Main Client List,,,
Jane Nduta Mwangi,0720970169,5795173,Karatina,Joseph Ngondi,Mukuruweini,Pub/butchery,Mukurweini,Dormant,Main Client List,,,
Kelvin Karuga Kanabu,0705738790,108171433,Karatina,Evaline Muthoni,Mbiriri,Mbiriri,Karatina,Active,Main Client List,,,
Jedidah Wangechi Wambui,0705102985,27791326,Nyahururu,Peter Nderitu Machira,Mailinne,Selling mitumba,Mailinne,Dormant,Main Client List,,,
Rose Wanjiku Githinji,0713146035,24960584,Naromoru,David Wambugu,Kiganjo,Shop,Kiganjo,Active,Main Client List,,,
Caroline Ngari,0797584851,36868661,Nyahururu,Nancy Wamboi,20300,Hotel,Boyman stage,Active,Main Client List,,,
Anne Akech,0715577248,3365016,Nyahururu,Caroline Nyakio,Nyahururu,Chips processing,Nuclear stage,Dormant,Main Client List,,,
Annah Wanjira Muriuki,0726399801,1408385,Karatina,Simon Gichigi,Karatina,Farm products,Karatina,Dormant,Main Client List,,,
Mary Nyaguthii Kimani,0729460308,30897515,Karatina,Sharlet Sally,Kiawarigi,Salon,Kiawarigi,Dormant,Main Client List,,,
Ann Wanjiru Buburu,0726020218,12777308,Karatina,Evaline Muthoni,Chaka,Bookshop,Chaka,Dormant,Main Client List,,,
Phoebe Muthoni Kariuki,0727461442,11075635,Karatina,Caroline Mureithi,Karatina,Daycare/boutique,Karatina,Dormant,Main Client List,,,
Diana Kajuju,0742282927,,Unknown,Carol,,,,Active,Loan Files,Ann Wangu,,
Grace Wangui  Wambui,0705191158,304074763,Nyahururu,Damaris Ruguru,Charity,Boutique,Charity,Dormant,Main Client List,,,
Mary Nyaira Muriithi,0726518607,24667218,Naromoru,Mercy  Karimi,Chaka,Fruits,Chaka,Active,Main Client List,,,
Michael Muthii Muriuki,0716645885,10952883,Naromoru,Mercy  Karimi,Njoguini,Farming,Njoguini,Active,Main Client List,,,
Joseph Mutugi Wangechi,0758578402,39832684,Naromoru,Mercy  Karimi,Castle,Second hand clothes,Castle,Dormant,Main Client List,,,
Sheila Langat,0707451706,26914983,Nyahururu,Nancy Wamboi,1222,Boutique,Ngane,Active,Main Client List,,,
Hannah Wambui Muraguri,0746405759,20640527,Nyahururu,Nancy Wamboi,20300,Retail shop,Suera manyatta,Dormant,Main Client List,,,
Haron Murungu Ngunjita,0707029040,25234394,Nyahururu,Catherine Luyudi,Rumuruti,Selling pineapple,Rumuruti,Dormant,Main Client List,,,
Lucy Wanjiku Ndirangu,0721386523,11032880,Naromoru,Naftaly  Kinyua,Karundas,Tailoring,Karundas,Active,Main Client List,,,
Joyce Wambui Gathigia,0705763601,24907842,Naromoru,Silvester Muthomi,Burguret,Hotel,Burguret,Active,Main Client List,,,
Beth Muthoni Kiarie,0705757348,11625633,Nyahururu,Peter Nderitu Machira,Canary,Farming,Shamata,Dormant,Main Client List,,,
Mary Karuri,0721994091,1032563,Nyahururu,Caroline Nyakio,Subukia,Grocery,Subukia,Dormant,Main Client List,,,
Samuel Ruhangi Mwangi,0722610107,12417467,ENGINEER,Milka,,,,Active,Loan Files,John Kimani Ngotho,0721156069,8840075
Jecinta Nyambura Njuguna,0723204844,31195228,Nyahururu,Damaris Ruguru,Nyahururu,Boutique,Charity,Dormant,Main Client List,,,
Beatrice Wanjiru Njaramba,0799173612,29011872,Nyahururu,Peter Nderitu Machira,Ngamini,General shop,Ngamini,Dormant,Main Client List,,,
Robinson Kariuki Njuguna,0790082214,38548046,Nyahururu,Peter Nderitu Machira,Nyahururu,Green grocery,Co -site,Dormant,Main Client List,,,
Samuel Thuita Ngige,0726209506,20120281,Nyahururu,Damaris Ruguru,Rumuruti,Electrian,Rumuruti,Dormant,Main Client List,,,
Bancy Njeri,0711973607,13844462,Nyahururu,Caroline Nyakio,0,Club,Ng'arua,Dormant,Main Client List,,,
Purity Kinanu,0705882091,33600224,Naromoru,David Wambugu,Matanya,Salon,Matanya,Dormant,Main Client List,,,
Eunice Wangui Gatura,0721719100,11777065,Karatina,Caroline Mureithi,Gaikuyu,Farming,Gaikuyu,Dormant,Main Client List,,,
Hannah Wambui Mwathi,0726871366,13397727,Karatina,Sharlet Sally,Ndimaini,Green grocery/fruit vendor,Karatina,Dormant,Main Client List,,,
Caroline Gatwiri Bundi,0716171095,27072016,Naromoru,Naftaly  Kinyua,Mukeru,Hotel,Mukeru,Active,Main Client List,,,
Evalyne Wanjiru Gichuhi,0727633627,28599488,ENGINEER,Milka,,,,Active,Loan Files,Mary Wangari Mwangi,0115931777,35210930
Nancy Njeri Maina,0724592850,21894415,Nyahururu,Peter Nderitu Machira,Mailinne,Selling cabbages,Mailinne,Dormant,Main Client List,,,
Susan Karimi Mundi,0757705556,20611738,Karatina,Caroline Mureithi,Gitunduti,Food kiosk,Gitunduti,Dormant,Main Client List,,,
Mary Nanjala,0742459392,29119763,Nyahururu,Caroline Nyakio,Nyahururu,Ujipower cafe,Nyahururu,Active,Main Client List,,,
Jackson Mutinda Mutunga,0702744779,12956509,Naromoru,Silvester Muthomi,Gakuya,Muguka base,Gakuya,Active,Main Client List,,,
Patricia Wanjiru Kario,0721996908,31156525,Karatina,Simon Gichigi,Kaiyaba,Salon/farmer,Kaiyaba,Active,Main Client List,,,
Susan Muthoni Nyawira,0118388932,23335911,Naromoru,Silvester Muthomi,Judea,Hotel,Judea,Dormant,Main Client List,,,
Mary Muchiri,0713944872,,Unknown,Carol,,,,Active,Loan Files,Jecinta Wambui,,
Agnes Nungari  Machua,0724446422,8620840,Nyahururu,Peter Nderitu Machira,Simbara,Dairy farming,Simbara,Dormant,Main Client List,,,
Purity Gacoki,0769573260,8574347,Nyahururu,Caroline Nyakio,20300,Shop,Njiku kanga,Dormant,Main Client List,,,
Rhoda Muthoni Wahome,0720093620,13884623,Karatina,Simon Gichigi,Karatina,Boutique,Karatina,Dormant,Main Client List,,,
Mercy Ngima Gathigia,0719783139,28368875,Karatina,Caroline Mureithi,Njatheini,Farming,Njatheini,Dormant,Main Client List,,,
Jacob Koech Maina,0724442266,22923118,Nyahururu,Nancy Wamboi,20300,Hotel,Rumuruti,Dormant,Main Client List,friday sukame,0722141101,687374845
Daisy Rotich,0705557044,,Unknown,Cate,,,,Active,Loan Files,Sharon Amolo,,
Lydia Wangui Kanja,0716571017,10844894,Karatina,Sharlet Sally,Karatina,Farming,Karatina,Dormant,Main Client List,,,
John Mirara Muthoga,0720141895,22372303,ENGINEER,Ann,,,,Active,Loan Files,Patrick Njoroge Kungu,0745078949,22844442
Cecilia Muthoni Maina,0724202982,22307659,Naromoru,Mercy  Karimi,Naromoru,Shop and cyber,Naromoru,Active,Main Client List,,,
Serah Kimani,0726145455,21626553,Nyahururu,Peter Nderitu Machira,Nyahururu,Grocery,Nyahururu,Active,Main Client List,,,
Benadetta Njoki  Muthinji,0721803096,9271970,Karatina,Evaline Muthoni,Nyeri,Clothing,Nyeri,Dormant,Main Client List,,,
Rahab Muthoni Kagema,0710711406,2485400,Nyahururu,Caroline Nyakio,Kandutura,General shop,Kandutura,Dormant,Main Client List,,,
Jacob Koech,0724442266,,Unknown,Cate,,,,Active,Loan Files,Fridah Kimagal,,
Maryann Mukami Wagura,0708341205,31017569,Naromoru,Naftaly  Kinyua,Matanya,Hotel,Matanya,Active,Main Client List,,,
Mercy Nyambura Maina,0757928304,27092281,Karatina,Sharlet Sally,Karatina,Green grocery,Karatina,Dormant,Main Client List,,,
Susan Wangari,0113300495,20606674,Nyahururu,Nancy Wamboi,20301,Dairy farm,Charagita,Active,Main Client List,,,
Edwin Montana,0742033906,32536807,Nyahururu,Nancy Wamboi,20300,Barber and spa,Nyahururu,Dormant,Main Client List,,,
Margaret Muchemi,0700430558,27744743,Nyahururu,Damaris,,,,Active,Loan Files,Miriam Maina,0724225761,
Simon Mwangi Mwago,0796216948,7665674,Nyahururu,Damaris Ruguru,Magitu,Dairy farming,Magutu,Dormant,Main Client List,,,
Mary Wambere Ngatia,0727327124,9859309,Karatina,Caroline Mureithi,Hiriga,Farming,Karatina,Dormant,Main Client List,,,
Lucy Karanja,0703418234,,Unknown,Peter,,,,Active,Loan Files,Samuel Kinyua,,
Monicah Wangui Njenga,0719624262,24635706,Naromoru,Mercy  Karimi,Matanya,Second hand clothes,Matanya,Active,Main Client List,,,
Regina Wangeci Rukwaro,0723655868,11806699,Karatina,Caroline Mureithi,Tetu,Hotel,Tetu,Dormant,Main Client List,,,
Hellen Kimei,0790244173,12789359,Nyahururu,Nancy Wamboi,Kinundu,Farming,Kinundu,Dormant,Main Client List,,,
Serah Muthura,0725818764,,Nyahururu,Damaris,,,,Active,Loan Files,Mary Kariuki,0720847355,
Francis Njinju,0704424647,,Unknown,Carol,,,,Active,Loan Files,Peter Mwaura,,
Ann Wangechi Wachira,0724132256,22250921,Karatina,Simon Gichigi,Muthiga,Green grocery,Muthiga,Dormant,Main Client List,,,
Rosemary Wanjiru Wanjohi,0741955618,38236905,Karatina,Sharlet Sally,Hiriga,Green grocery/hair dressing,Hiriga,Dormant,Main Client List,,,
Elizabeth Akieli Romero,0792049781,103169935,Nyahururu,Caroline Nyakio,Rumuruti,Boutique,Rumuruti,Dormant,Main Client List,,,
Loise Manegene Njugi,0718219356,28760279,Naromoru,David Wambugu,Naromoru,Farmer,Naromoru,Dormant,Main Client List,,,
Samuel Macharia Mungai,0115563126,37192764,Nyahururu,Damaris Ruguru,Boiman,Electrian,Boiman,Dormant,Main Client List,,,
Annah Wangui Wachania,0702029942,22112936,Naromoru,David Wambugu,Castle,Shop,Castle,Active,Main Client List,,,
Emma Wangeci Maina,0793567785,29740351,Naromoru,Naftaly  Kinyua,Kirichu,Cereals shop,Kirichu,Dormant,Main Client List,,,
Faith Njoki Njogu,0710918080,35919921,Nyahururu,Nancy Wamboi,Ndaragwa,Kiosk,Ndaragwa,Dormant,Main Client List,,,
Sammy Maina Kariuki,0745814175,11318471,Karatina,Evaline Muthoni,Gatitu,Farming,Gatitu,Dormant,Main Client List,,,
Veronica Mbaika  Mutua,0112720895,32724484,Naromoru,Mercy  Karimi,Jowiny,Plastics utensils,Njoguini,Active,Main Client List,,,
Patrick Skyvic Emapus,0798079512,34086773,Karatina,Caroline Mureithi,Muthua,Green grocery,Muthua,Dormant,Main Client List,,,
Magdaline Wacera,0707143090,,Unknown,Peter,,,,Active,Loan Files,Veronica Muchiri,,
Mary Waruguru Wachira,0796946427,27075127,Naromoru,Naftaly  Kinyua,Naromoru,Hotel,Naromoru,Dormant,Main Client List,,,
Phancy Wanjiru Mwangi,0703403169,21911844,Karatina,Simon Gichigi,Gachika/karatina,Farming,Gachika,Dormant,Main Client List,,,
Margaret Moraa Kirera,0728843845,21143242,ENGINEER,Ann,,,,Active,Loan Files,Margaret Mwithaki Kimani,0792373496,33807228
Jacinter Waithira Chege,0748865530,34743497,Nyahururu,Caroline Nyakio,00200,Grocery,Kinamba,Active,Main Client List,,,
Mercy Wangari Muthoni,0769261515,41840600,Nyahururu,Caroline Nyakio,Imenti,Agrovet,Imenti,Dormant,Main Client List,,,
Florence Muthoni Wachira,0743387066,34581019,Karatina,Sharlet Sally,Muthinga,Fast food,Muthinga,Dormant,Main Client List,,,
Kelvin Karau,0796250750,2944535,Nyahururu,Caroline Nyakio,0,Transport,Madaraka,Dormant,Main Client List,,,
Fatuma Duba,0116140156,27198409,Nyahururu,Caroline Nyakio,Moonlight,Milk bar,Rumuruti,Dormant,Main Client List,,,
Josephat Gitonga,0748310063,27436412,Nyahururu,Caroline Nyakio,47936,Guandaru tax,Mairo nne,Dormant,Main Client List,,,
Susan Njoki Maina,0725250520,24309052,Karatina,Sharlet Sally,Kaiyaba,Green grocery,Kaiyaba,Active,Main Client List,,,
Mary Wangari Ngenyi,0746365638,39779366,Karatina,Peter Mathenge,Othaya,Green grocery,Othaya,Active,Main Client List,,,
Florence Mwarania Kinyua,0702258262,23768278,Naromoru,Naftaly  Kinyua,Matanya,Green grocery,Matanya,Active,Main Client List,,,
Daniel Ekadeli Rengei,0792579608,34260988,Nyahururu,Damaris Ruguru,Rumuruti,Selling fast foods,Rumuruti,Dormant,Main Client List,,,
Jackson Maina Gatia,0724836345,24549006,Naromoru,Silvester Muthomi,Naromoru,Green grocery,Naromoru,Active,Main Client List,,,
Nancy Wangeci Gathigia,0704709046,27841566,Naromoru,Silvester Muthomi,Chaka,Kilimo biashara,Chaka,Active,Main Client List,,,
Molly Atieno Ouma,0703832288,34273373,Nyahururu,Caroline Nyakio,Kibathi,General shop,Kibathi,Dormant,Main Client List,,,
Peter Wainana Kibiru,0794861894,5768651,Nyahururu,Nancy Wamboi,Pasenga,Dairy farming,Pasenga,Dormant,Main Client List,,,
Evergerine Wamuyu Warutere,0706515204,759386,Karatina,Simon Gichigi,Kiawarigi,Farming,Kiawarigi,Active,Main Client List,,,
Maureen Waweru,0727877025,27653272,Nyahururu,Caroline Nyakio,Ndogino,Hotel & grocery,Ndogino,Dormant,Main Client List,,,
Geddidah Wairimu Mathenge,0717523158,26402244,Naromoru,Naftaly  Kinyua,Karundas,Farming,Karundas,Active,Main Client List,,,
Esther Nyawira,0722655548,6828057,Nyahururu,Caroline Nyakio,Co site,Tea leaves seller,Nakuru road,Dormant,Main Client List,,,
Sera Wanjiku Mwangi,0715072434,11729390,ENGINEER,Milka,,,,Active,Loan Files,Philip Muriithi Mwangi,0715025272,1143091
Agnes Mwihaki Nduta,0713101470,20043507,Nyahururu,Caroline Nyakio,Rumuruti,Hotel,Rumuruti,Dormant,Main Client List,,,
Mercy Nthenya Kimunyu,0768682697,7945353,Karatina,Caroline Mureithi,Karogoto,Bar,Karogoto,Dormant,Main Client List,,,
Mercy Mumbi King'ori,0706824116,33448253,Naromoru,Silvester Muthomi,Meeting,Hotel /grocery,Meeting,Dormant,Main Client List,,,
Beatrice Waithira Mucheru,0729659614,11179541,Naromoru,David Wambugu,Naromoru,Grocery,Naromoru,Active,Main Client List,,,
Peter Karemeri Karemeri,0723359565,11261966,Naromoru,Mercy  Karimi,Njoguini,Surveyor,Njoguini,Dormant,Main Client List,,,
Leah Wanjiru Mutahi,0711555194,33452705,Karatina,Caroline Mureithi,Karatina,Metals/grocery,Karatina,Dormant,Main Client List,,,
Susan Mburu,0791842906,,Unknown,Carol,,,,Active,Loan Files,Esther Njoroge,,
Mary Muthoni Ndambiri,0110074655,35057285,Naromoru,Mercy  Karimi,Soweto,Utensils,Soweto,Dormant,Main Client List,,,
Leonard Kamwaro,0723849109,10877984,Nyahururu,Caroline Nyakio,Nyahururu,Agrovet,Site,Dormant,Main Client List,,,
Lucy Nanbaiyaiye,0716331062,,Unknown,Carol,,,,Active,Loan Files,Beth Wachera,,
Lucy Wambui Wacira,0707492014,3439701,Nyahururu,Nancy Wamboi,20300,Poultry farming,Mamboleo,Dormant,Main Client List,,,
Grace Ngima Macharia,0726004456,21492344,Karatina,Caroline Nyakio,Kiarithaini,Farming,Kiarithaini,Dormant,Main Client List,,,
Agatha Wangui Muhia,0705886960,23950856,Karatina,Joseph Ngondi,Nyeri,Salon,Nyeri,Dormant,Main Client List,,,
Benson Wahome,0748485559,,Unknown,Peter,,,,Active,Loan Files,David Kamau,,
Ann Nyaguthii Wachira,0713420550,12975630,Naromoru,Naftaly  Kinyua,Sirima,Hotel,Karimeno,Dormant,Main Client List,,,
Faith Wanjeri Gacharira,0759780337,24079916,Karatina,Simon Gichigi,Kiawarigi,Malimali/soap sales,Kiawarigi,Active,Main Client List,,,
Martha Wairimu Maina,0707932304,25782797,Karatina,Peter Mathenge,Ndunyu,Second hand clothes,Ndunyu,Dormant,Main Client List,,,
Martha Ruguru Mwinga,0711869409,13132580,Nyahururu,Caroline Nyakio,Muhindi,General shop,Muhindi,Dormant,Main Client List,,,
Rahab Njambi,0746194202,25284182,Nyahururu,Peter Nderitu Machira,20300,Groceries,Shamata,Dormant,Main Client List,,,
Jane Wangui Wangi,0792517330,29963123,Naromoru,Charles Kingori,10105,Grocery,Chaka market,Active,Main Client List,,,
Mary Kathure Muriuki,0113720913,11773533,Naromoru,Mercy  Karimi,Naromoru,Farming,Naromoru,Active,Main Client List,,,
Julia Wanjugu Ngatia,0703438648,27665673,Naromoru,David Wambugu,Kirichu,Shop,Kirichu,Active,Main Client List,,,
Esther Nyawira Maina,0742633092,32774775,Karatina,Peter Mathenge,Kiawarigi,Farming,Kiawarigi,Dormant,Main Client List,,,
Janet Chepkoske Koech,0795884457,27882067,Nyahururu,Damaris Ruguru,Rumuruti,Electronics /barber shop,Rumuruti,Dormant,Main Client List,,,
Anne Mukami Maina,0720871643,27380882,Naromoru,David Wambugu,Matanya,Shop,Matanya,Active,Main Client List,,,
Everlyne Atieno Ochieng,0706200790,31510377,ENGINEER,Ann,,,,Active,Loan Files,Beatrice Akinyi Ombija,0713537118,40694586
Jane Nyambia Mureithi,0745075176,9857180,Karatina,Caroline Mureithi,Magano,Farming,Magano,Dormant,Main Client List,,,
Pauline Njeri Chira,0711201101,24443447,Karatina,Lisper Gatwiri,Thunguma /nyeri,Bar,Thunguma/nyeri,Dormant,Main Client List,,,
Jemaritha Njeri Murage,0790324514,37869148,Karatina,Sharlet Sally,Mukuruweini,Retail shop,Mukurweini,Dormant,Main Client List,,,
Brian Mugo Wachira,0712556511,36786253,Karatina,Evaline Muthoni,Muthinga,Farming,Muthinga,Active,Main Client List,,,
Reginah Muthoni Wanjiru,0707490678,27535238,Karatina,Simon Gichigi,Mukuruweini,Hotel,Mukurweini,Dormant,Main Client List,,,
Josephine Wambui Muchiri,0116863456,39573053,Karatina,Peter Mathenge,Wanjeri farm karatina,Green grocery,Karatina,Dormant,Main Client List,,,
Florence Wandaka,0714359854,13065475,Nyahururu,Caroline Nyakio,Kasuku,Cereals,Kasuku,Dormant,Main Client List,,,
Esther Kawira Micheni,0718784722,13872827,Karatina,Simon Gichigi,Njaithaini,Groceries/farming,Njathaini,Dormant,Main Client List,,,
Beatrice Makena Ngeera,0729148650,11257845,Naromoru,David Wambugu,Naromoru,Banana vendor,Naromoru,Active,Main Client List,,,
Bancy Waweru,0710540080,,Unknown,Carol,,,,Active,Loan Files,Joyce Njoroge,,
Alison Wanja M'imwitha,0710738744,35775792,Naromoru,Naftaly  Kinyua,Matanya,Day care,Matanya,Dormant,Main Client List,,,
Caroline kimuhu,0758849257,,Unknown,Peter,,,,Active,Loan Files,Stephen Kinyanjui,,
Esther Muthoni Kagwe,0798043246,28030279,Karatina,Simon Gichigi,Karatina,Malimali vendor,Karatina,Dormant,Main Client List,,,
Godfrey Mugo,0715365131,,Unknown,Cate,,,,Active,Loan Files,Philis Maina,,
Josephine Moraa Okemwa,0711574475,25779299,Nyahururu,Catherine Luyudi,Olkalao,Tailoring,Olkalao,Dormant,Main Client List,Enock Kiboi,0742764123,33911845
Beth Wangui Muthigani,0725727216,5552874,Naromoru,Silvester Muthomi,Chaka,Grocery,Chaka,Active,Main Client List,,,
Auther Kiarie,0706535129,30542910,Nyahururu,Damaris Ruguru,Boiman,Wholesaler,Boiman,Dormant,Main Client List,,,
James Gachimba Wothaya,0799205142,31179068,Naromoru,Naftaly  Kinyua,Warazo jet,Butchery,Warazo jet,Active,Main Client List,,,
Elizabeth Waceke Wachira,0721430825,24367565,Karatina,Simon Gichigi,Ngandu,Farming[poultry],Ngandu,Dormant,Main Client List,,,
Purity Naitore Kimaita,0727624336,24721855,Naromoru,Silvester Muthomi,Burguret,Grocery,Burguret,Dormant,Main Client List,,,
Loise  Nyaguthii Wamuyu,0710460520,24186229,Karatina,Caroline Mureithi,Kabiruini,Retail shop,Kabiruini,Dormant,Main Client List,,,
Mary Wambui Gathera,0720220792,5794871,Karatina,Sharlet Sally,Mukurwe-ini,Green grocery,Mukurweini,Dormant,Main Client List,,,
Elizabeth Akinyi Osio,0713874511,24337107,Naromoru,Silvester Muthomi,Kambura-ini,Second hand clothes,Castle,Active,Main Client List,,,
Naomi Wanjiru Njuguna,0701890277,28102915,ENGINEER,Ann,,,,Active,Loan Files,Grace Wambui Kirungo,0748838165,41230142
Sabina Nyaruai Kanyugo,0790788290,29053498,Karatina,Joseph Ngondi,Thunguma /nyeri,Second hand clothes,Thunguma/nyeri,Dormant,Main Client List,,,
Rose Waithira Wacira,0710353304,24063921,Karatina,Caroline Mureithi,Kibingoti,Farming,Kibingoti,Dormant,Main Client List,,,
Jane Njeri Wanjiku,0119675041,42233463,ENGINEER,Ann,,,,Active,Loan Files,Ann Njoki Njanja,0798733681,36160319
Tabitha Wanjugu Mwangi,0725809583,22007426,Karatina,Joseph Ngondi,Gikumbo,Farming,Gikumbo,Dormant,Main Client List,,,
Jackson Maingi Muchomba,0768762404,31506203,Karatina,Evaline Muthoni,Karatina,Malimali,Karatina,Dormant,Main Client List,,,
Angelica Nyawira Gikunju,0719628630,9552402,Karatina,Sharlet Sally,Mukuruweini,Selling farm products,Mukurweini,Dormant,Main Client List,,,
Priscah Nyangweso Mbatia,0758659128,31246744,Naromoru,Silvester Muthomi,Naromoru,Hotel,Naromoru,Active,Main Client List,,,
Keziah Ndungu,0700549110,37870220,Nyahururu,Nancy Wamboi,Rumuruti,Water refill,Rumuruti,Dormant,Main Client List,,,
Elizabeth Wangui Mwangi,0716324250,21831722,Karatina,Sharlet Sally,Tetu,Boutique,Tetu,Dormant,Main Client List,,,
Lydiah Nyawira Waithiegeni,0794260448,40204994,Karatina,Joseph Ngondi,Nyeri/kangemi,Grocery/chips,Nyeri,Dormant,Main Client List,,,
Pauline Kamau,0708448209,,Unknown,Cate,,,,Active,Loan Files,Ann Mugambi,,
Beatrice Wairimu Kahoro,0705161515,1408287,Karatina,Sharlet Sally,Kiawarigi,Mtumba/farming,Kiawarigi,Dormant,Main Client List,,,
Milka Wairimu Karume,0729500609,12472746,Naromoru,David Wambugu,Kirichu,Mtumba,Kirichu,Active,Main Client List,,,
Nahashon Mwangi Irungu,0707949553,20166024,Naromoru,Naftaly  Kinyua,Naromoru,Green grocery,Naromoru,Active,Main Client List,,,
Jane Wangui Kiriba,0712390484,31543967,Karatina,Sharlet Sally,Kiawarigi,Fast food,Kiawarigi,Dormant,Main Client List,,,
Alice Njanja Wanjiru,0701808741,25535258,Karatina,Sharlet Sally,Karatina,Farming,Karatina,Dormant,Main Client List,,,
Naomi Wangui,0711962072,2178940,Nyahururu,Nancy Wamboi,20301,Farming,Ahiti centre,Active,Main Client List,Ruth Nyakinyua,071315935,14609344
Fatuma Alimo Mohammed,0706826637,26699359,Naromoru,Naftaly  Kinyua,Burguret,Hotel,Burguret,Active,Main Client List,,,
Caroline Wanjiku Kimuhu,0758849257,31047277,Nyahururu,Peter Nderitu Machira,Mailinne,Selling mitumba,Mailinne,Dormant,Main Client List,,,
Shelmith Gathoni Gichohi,0746399541,25132565,Naromoru,Mercy  Karimi,Naromoru,Salon,Naromoru,Active,Main Client List,,,
Lucy Njoki Karanja,0703418234,33695570,Nyahururu,Peter Nderitu Machira,Nyahururu,Selling mitumba,Nyahururu,Dormant,Main Client List,,,
Loise Wangui Macharia,0110350963,21021857,Karatina,Evaline Muthoni,Mahiga,Farming,Mahiga,Dormant,Main Client List,,,
Ruth Wangui Ngari,0745470083,32992532,Karatina,Sharlet Sally,Karidundu,Gren grocery,Karidundu,Dormant,Main Client List,,,
Caroline Wagicugu Njine,0713951282,11289767,Naromoru,Silvester Muthomi,Chaka,Green grocery,Chaka,Dormant,Main Client List,,,
Mary Wangari Ngari,0729823915,25137804,Karatina,Sharlet Sally,Kagochi,Green grocery/farming,Kagochi,Dormant,Main Client List,,,
Agnes Waithera Ndege,0703367645,27526334,Naromoru,David Wambugu,Castle,Mtumba,Castle,Active,Main Client List,,,
Mary Muthoni,0707655312,31021311,Nyahururu,Nancy Wamboi,West gate,Saloon,West gate,Dormant,Main Client List,,,
Mercy Wairimu Kimondo,0722677350,24956745,Karatina,Caroline Mureithi,Njatheini,Fruits seller,Njatheini,Dormant,Main Client List,,,
Samuel Muya Wachira,0725380367,7440363,Nyahururu,Nancy Wamboi,Marmanet,Butchery,Marmanet,Dormant,Main Client List,,,
Eunice Wanjiku Mwangi,0726710813,12779019,Karatina,Evaline Muthoni,Mukuruweini,Groceries/transportation,Othaya,Dormant,Main Client List,,,
Pasquelinah Gathoni Thuku,0143148936,28528078,Naromoru,David Wambugu,Chaka,Grocery,Chaka,Dormant,Main Client List,,,
Caroline Owino Omondi,0713546819,21344563,Karatina,Joseph Ngondi,Mukuruweini,Fish vendor,Mukurweini,Dormant,Main Client List,,,
Gearge Ngari Njaramba,0742533588,41025664,Karatina,Shyrine Njue,Muthinga,Car was,Muthinga,Dormant,Main Client List,,,
Mary Wangari Karoki,0700007750,21323224,Karatina,Caroline Mureithi,Karatina,Retail shop,Karatina,Dormant,Main Client List,,,
Regina Nyawira Muchiri,0712769147,35413612,Karatina,Simon Gichigi,Mugetho,Farming,Mugetho,Dormant,Main Client List,,,
Esther Wanjiru Wambui,0729948691,36050644,Karatina,Peter Mathenge,Karatina,Green grocery,Karatina,Dormant,Main Client List,,,
Fridah Maluki,0711312215,,Unknown,Carol,,,,Active,Loan Files,Susan wanjiku,,
Jane Njeri Wanjau,0714773995,31025932,Karatina,Sharlet Sally,Gatei,General shop,Gatei,Dormant,Main Client List,,,
Naomi Muthoni Muchoki,0714213696,21246820,Karatina,Evaline Muthoni,Mihuti,Green grocery,Mihuti,Dormant,Main Client List,,,
Rael Namale Inzeyi,0143432554,33352031,Karatina,Simon Gichigi,Karatina,Hotel,Karatina,Dormant,Main Client List,,,
Gladys Wambui Maina,0710612226,28306095,Karatina,Caroline Mureithi,Kibirigwi,Green grocery,Kibirigwi,Dormant,Main Client List,,,
Julieta Muthoni Mucheke,0722171080,11128397,Karatina,Caroline Mureithi,Ihwagi,Farming,Ihwagi,Dormant,Main Client List,,,
Jane Wamwirua Karuri,0712856847,21611020,Karatina,Sharlet Sally,Riverbank,Farming,Karatina,Dormant,Main Client List,,,
Josephine Wangari Ndoria,0702105191,36146902,Karatina,Peter Mathenge,Gatei,Salon,Gatei,Dormant,Main Client List,,,
Raphael Gikandi Maina,0708320978,24189307,Naromoru,Silvester Muthomi,Wasanet,Hotel,Wasanet,Active,Main Client List,,,
Josphat Gitonga,0748310063,,Unknown,Carol,,,,Active,Loan Files,Simon Mwangi,,
Caroline Njeri Wamai,0708744863,22149439,Karatina,Evaline Muthoni,Karatina,Shoeseller,Karatina,Dormant,Main Client List,,,
Francis Waweru,0716034398,267551,Naromoru,Naftaly  Kinyua,Village 3,Shop,Village 3,Active,Main Client List,,,
Sarah Wairimu Taiti,0748572985,31023334,Naromoru,Silvester Muthomi,Kwa j,Hotel,Kwa j,Dormant,Main Client List,,,
Francis  Njinju,0704424647,20252308,Nyahururu,Caroline Nyakio,Madaraka,Farming,Madaraka,Dormant,Main Client List,,,
Faith Gathigia Njogu,0712978176,24764098,Karatina,Sharlet Sally,Kagochi,Farming,Kagochi,Dormant,Main Client List,,,
Agnes Wamuyu Kinyua,0711935848,12475853,Karatina,Caroline Mureithi,Kabiruini,Farming,Kabiruini,Dormant,Main Client List,,,
Mirriam Rotich,0726281613,20935810,Nyahururu,Nancy Wamboi,20300,Retail shop,Karandi,Active,Main Client List,sheila langat,0707451706,26914983
Grace Njeri Kimotho,0115047745,33308709,Naromoru,Mercy  Karimi,Chaka,Salon,Chaka,Dormant,Main Client List,,,
Jackline Mwende Ireri,0113487083,330468290,Naromoru,Silvester Muthomi,Burguret,Butchery,Burguret,Active,Main Client List,,,
Janet Nyanthira Gitau,0704620544,23387210,Nyahururu,Damaris Ruguru,Nyahururu,Salon,Stadium road,Dormant,Main Client List,,,
Mary Wamaitha Mwangi,0757963063,27675426,Karatina,Caroline Mureithi,Rafina,Green grocery,Rafina,Dormant,Main Client List,,,
Grace Wanjiru Gachemi,0796048054,26752759,Karatina,Sharlet Sally,Karatina,Green grocery,Karatina,Dormant,Main Client List,,,
Magdalene Wacera,0707143090,35393189,Nyahururu,Peter Nderitu Machira,Mailinne,Selling mitumba,Mailinne,Dormant,Main Client List,,,
Martin Kiarie,0718846710,13068688,Nyahururu,Nancy Wamboi,1600,Bar,Kabazi,Dormant,Main Client List,Soran waithira,0725137904,22508684
Lucy Wangui Mwangi,0708834319,23210526,Naromoru,Naftaly  Kinyua,Ngaringiro,Cattle farming,Ngaringiro,Dormant,Main Client List,,,
Margaret Lomitir,0740548417,,Unknown,Carol,,,,Active,Loan Files,Eunice Akoth,,
Rhoda Wanjiru Mundia,0742279176,21594721,Naromoru,Silvester Muthomi,Chaka,Grocery,Chaka,Active,Main Client List,,,
Alice Wairimu Wangari,0715068622,31732986,Nyahururu,Damaris Ruguru,Rumuruti,Bakery,Rumuruti,Dormant,Main Client List,,,
Peter Waihenya,0712833328,11707589,Nyahururu,Nancy Wamboi,10091,Dairy farming,Mitindiri,Dormant,Main Client List,,,
Milka Thuguri Murigu,0723434185,9117889,Karatina,Sharlet Sally,Kiawarigi,Green grocery,Kiawarigi,Dormant,Main Client List,,,
Caroline Kirigo Githungo,0769048062,11775253,Karatina,Caroline Mureithi,Kiamariga,Salon,Kiamariga,Dormant,Main Client List,,,
Mary Chege,0727833081,24532013,Nyahururu,Nancy Wamboi,Kianjata,Farming and furnitures,Kianjata,Active,Main Client List,,,
Elizabeth Mathaga,0706607577,5173672,Nyahururu,Caroline Nyakio,47936,Dairy farming,Mukunga,Dormant,Main Client List,,,
Grace Wambui Kimondo,0728200800,11808084,Karatina,Sharlet Sally,Karatina,Green grocery,Ngandu,Dormant,Main Client List,,,
Philis Wanjiru Onyango,0723117536,35079381,Karatina,Simon Gichigi,Muthua,Green grocery,Muthua,Active,Main Client List,,,
Dennis Muthomi Mwithi,0759377654,39458018,Karatina,Evaline Muthoni,Jambo,Malimali,Jambo,Dormant,Main Client List,,,
Veronica Mumbi Kamau,0712391808,27944675,Karatina,Evaline Muthoni,Kiandu,Shop,Kiandu,Dormant,Main Client List,,,
Selina Ekiela,0745464053,34005439,Nyahururu,Caroline Nyakio,Moonlight,Salon,Rumuruti road,Active,Main Client List,,,
Teresa Gatheru,0724836941,22843423,Nyahururu,Peter Nderitu Machira,20300,Retail shop,Nyahururu,Dormant,Main Client List,,,
Lucy Wangui Kamoche,0718984236,14688448,Karatina,Sharlet Sally,Kiawanjugu/mukuruweini,Farming,Kiawanjugu/mukuruweini,Dormant,Main Client List,,,
James Kaboro,0703915750,,Unknown,Peter,,,,Active,Loan Files,Magdaline Maina,,
Margret Wangeci Muturi,0115250515,35257945,Karatina,Joseph Ngondi,Mukuruweini,Green grocery,Mukurweini,Dormant,Main Client List,,,
Philomena Nguitui,0718400068,20284400,Nyahururu,Peter Nderitu Machira,Mamboleo,Poshomill,Karuga,Dormant,Main Client List,,,
Esther Gathoni Maina,0768232799,23882498,Karatina,Lisper Gatwiri,Kiawarigi,Farming,Karatina,Dormant,Main Client List,,,
Grace Wanjiku Maina,0700068496,39879009,Karatina,Caroline Mureithi,Giakabei,Grocery,Giakabei,Dormant,Main Client List,,,
Lincoln Njogu Ndegwa,0141543228,23684376,Karatina,Caroline Mureithi,Gitunduti/karatina,Farming/butchery,Gitunduti/karatina,Dormant,Main Client List,,,
Paul Thuo,0705033064,39561118,Nyahururu,Nancy Wamboi,Thome,Agrovet,Thome,Dormant,Main Client List,,,
Francis Waweru Wang'ombe,0721179725,33439693,ENGINEER,Milka,,,,Active,Loan Files,Isaac Kangau Muthee,0745878870,33335310
Susan Njeri Gathara,0703191372,25649294,Karatina,Caroline Mureithi,Karatina,Bar/hotel,Karatina,Dormant,Main Client List,,,
Mercy Waceke Gichuki,0706305162,29671624,Karatina,Caroline Mureithi,Karatina,Green grocery,Muthua,Dormant,Main Client List,,,
George Kariuki Njuguna,0710733293,35138415,Nyahururu,Caroline Nyakio,Muthaiga,Electronics /phone repair,Rumuruti,Dormant,Main Client List,,,
Leonard Mwai,0723849109,,Unknown,Carol,,,,Active,Loan Files,Alfred Etale,,
Lukas Ngugi Kabui,0759900772,39410076,Nyahururu,Peter Nderitu Machira,Gatero,Welding,Gatero,Dormant,Main Client List,,,
Dorica Kagendo,0713028996,27202976,Karatina,Simon Gichigi,Karatina,Retail shop,Karatina,Dormant,Main Client List,,,
Beth Njeri Chege,0713333573,24918299,Naromoru,Silvester Muthomi,Matanya,Second hand clothes,Matanya,Dormant,Main Client List,,,
Sarah Wesiko Iregi,0740655804,29942460,Karatina,Joseph Ngondi,Rafina/karatina,Green grocery,Rafina/karatina,Dormant,Main Client List,,,
Catherine Muchoki Njoki,0792612031,22845586,Nyahururu,Caroline Nyakio,Rumuruti,Kibanda,Rumuruti,Dormant,Main Client List,,,
Margaret Wambui Wathiegeni,0115480067,36237603,Nyahururu,Peter Nderitu Machira,Shamata,Farming,Kanary,Dormant,Main Client List,,,
Pauline Nyathogora Karimi,0716382184,24460441,Karatina,Evaline Muthoni,Kagochi,Farming,Gatei,Dormant,Main Client List,,,
Winrose Njoki Muturi,0759419495,37578315,Naromoru,Naftaly  Kinyua,Kibunja,Salon,Kibunja,Active,Main Client List,,,
Catherine Nyambura Kagunyu,0712046450,3614276,Karatina,Caroline Mureithi,Chaka,Green grocery,Chaka,Active,Main Client List,,,
Damaris Wakarima,0703913312,41434940,Karatina,Evaline Muthoni,Muthinga,Clothing,Muthinga,Active,Main Client List,,,
Eunice Nyambura Githaiga,0706222670,2783982,Karatina,Simon Gichigi,Karatina,Food services,Muthua,Dormant,Main Client List,,,
Beatrice  Achoto,0795314749,,Nyahururu,Carol,,,,Active,Loan Files,Jedidah Kamais,0726271471,
Racheal Njeri Mwangi,0741590773,23494763,Nyahururu,Caroline Nyakio,Maili nne,Selling shoes,Mailinne,Dormant,Main Client List,,,
Eunice Wambui Maina,0727590270,23054945,Karatina,Lisper Gatwiri,Karidundu/karatina,Green grocery,Karidundu,Dormant,Main Client List,,,
Patrick Nthiga Kiria,0725931474,11056862,Karatina,Evaline Muthoni,Karatina,Malimali,Karatina,Dormant,Main Client List,,,
Damaris Nderitu,0724051213,29717655,Nyahururu,Peter Nderitu Machira,Leshau,Kiosk,Leshau,Dormant,Main Client List,,,
Paul Mwangi,0711410254,9199259,Nyahururu,Caroline Nyakio,0,Butchery,Imenti,Dormant,Main Client List,,,
Mary Wangari Gitonga,0710349967,27823482,Naromoru,Mercy  Karimi,Burguret,Farming /second hand clothes,Burguret,Dormant,Main Client List,,,
Lucia Mukami,0715390575,7038431,Nyahururu,Caroline Nyakio,0,Malimali shop,Pasenga,Dormant,Main Client List,,,
Serah Wanjiru Nganga,0724164082,10316527,Nyahururu,Nancy Wamboi,Igwamiti,Dairy farming,Karuga,Dormant,Main Client List,rachiel njoroge,0727992553,13164375
Eunice Wambui Githumbi,0702941499,22588986,Naromoru,David Wambugu,Naromoru,Plastic seller,Naromoru,Active,Main Client List,,,
Catherine Wanjiru Nduta,0720340478,23255554,Nyahururu,Caroline Nyakio,Baari,Salon,Baari,Dormant,Main Client List,,,
Purity Njoki Mwangi,0143178817,31867824,Naromoru,Mercy  Karimi,Chaka,Plastic vendor,Chaka,Active,Main Client List,,,
Loise Wanjiku,0729298620,21549876,Nyahururu,Caroline Nyakio,0,Farming,Kariguini,Active,Main Client List,,,
Sarah Nderitu,0715906681,28779840,Nyahururu,Nancy Wamboi,20300,Wines and spirit,Nairobi road,Dormant,Main Client List,,,
Joel Mbugua Nderitu,0791797838,269938422,Nyahururu,Peter Nderitu Machira,Muhindi,General shop,Kisima,Dormant,Main Client List,,,
Harriet Kibuchi,0757723589,,Unknown,Cate,,,,Active,Loan Files,Francis Muchai,,
Purity Kuria,0769573260,,Unknown,Carol,,,,Active,Loan Files,Hannah Muchemi,,
Mary Kimamo,0701483016,20360106,Nyahururu,Nancy Wamboi,00200,Saloonist,Co-site,Dormant,Main Client List,James apere,0719699112,160469172
Mirriam Wamuyu Kiama,0717735348,28500793,Naromoru,Mercy  Karimi,Naromoru,Carwash,Naromoru,Active,Main Client List,,,
Millicent Wawira Wambugu,0795543318,24309632,Naromoru,David Wambugu,Naromoru,Grocery,Naromoru,Active,Main Client List,,,
Mirriam Wangui Maina,0795515329,35774680,Karatina,Caroline Mureithi,Kiawarigi,Green grocery,Kiawarigi,Dormant,Main Client List,,,
George Ndirangu Waiganjo,0711382851,28298191,Nyahururu,Nancy Wamboi,Nyahururu,Food kiosk,Shepherd road,Dormant,Main Client List,,,
Mary Njeri Kaniaru,0729294832,7113828,Naromoru,David Wambugu,Chaka,Grocery,Chaka,Active,Main Client List,,,
Mary Wamucii Muturi,0724818034,3181952,Karatina,Joseph Ngondi,Skuta/nyeri,Green grocery,Skuta/nyeri,Dormant,Main Client List,,,
Leah Wanjiku Kanyango,0721950008,20220180,Nyahururu,Peter Nderitu Machira,Kiwanja,Boutique,Nyahururu,Dormant,Main Client List,,,
Yvonne Wawuda Kashindo,0116422575,29013877,Karatina,Caroline Mureithi,Kanjuri/karatina,Retail shop,Kanjuri,Dormant,Main Client List,,,
John Mwangi,0720241837,,Unknown,Peter,,,,Active,Loan Files,Monica Wanyoike,,
Catherine Mbuni,0727865456,10892446,Nyahururu,Caroline Nyakio,Subukia,Agrovet,Subukia,Dormant,Main Client List,,,
Lucy  Wangui Kihwaga,0718869366,13725593,Karatina,Simon Gichigi,Tetu,Farming,Tetu,Dormant,Main Client List,,,
John Mwangi,0724712026,23504299,Nyahururu,Nancy Wamboi,Marmanet,Retail shop,Jefi market,Dormant,Main Client List,,,
Christine Wangui Matu,0704370725,29363204,Karatina,Joseph Ngondi,Gitunduti/karatina,Tailor/vetenary,Gitunduti,Dormant,Main Client List,,,
Gladys Watetu Wakahu,0796890432,23666488,Karatina,Evaline Muthoni,Mahiga,Clothing/farming,Mahiga,Active,Main Client List,,,
Serah Nganga,0724164082,,Unknown,Cate,,,,Active,Loan Files,Rachel Njoroge,,
Mary Mukami Kuria,0768120247,23382279,Karatina,Joseph Ngondi,Giakaibei,Farming,Giakaibei,Dormant,Main Client List,,,
Charity Wanjiru Njagi,0794404111,35612620,Karatina,Simon Gichigi,Karatina,Scrap metals,Karatina,Dormant,Main Client List,,,
Sarah Ndungu,0706439225,,Unknown,Carol,,,,Active,Loan Files,Alex Mwiti,,
David Ngugi,0723113511,,Unknown,Cate,,,,Active,Loan Files,Naomi Wanjiru,,
Jecinta Nduta,0769621536,13668008,Nyahururu,Caroline Nyakio,Subukia,Scrap metals,Subukia,Dormant,Main Client List,,,
Eunice Wambui Kinyua,0142290902,26778518,Karatina,Simon Gichigi,Karatina,Fruit vendor,Karatina,Dormant,Main Client List,,,
Susyline Munene,0723495587,23411441,Nyahururu,Caroline Nyakio,0,Retail&wholesale,Imenti,Dormant,Main Client List,,,
Lucy Gathondu Kabiri,0705851219,21320154,Nyahururu,Peter Nderitu Machira,Mailisaba,Club,Mailisaba,Dormant,Main Client List,,,
Jane Naivest,0724024611,13531125,Nyahururu,Caroline Nyakio,00200,Thome road,Duka mbili,Dormant,Main Client List,,,
Evan Wangombe Murani,0740132792,39367266,Naromoru,Mercy  Karimi,Chaka,Food kiosk and plastic,Chaka,Active,Main Client List,,,
Beatrice Nyambura Mwangi,0726601789,27307693,ENGINEER,Ann,,,,Active,Loan Files,Esther Wambui Wachira,0727118382,24973924
Eunice Wangari Njogu,0700386317,10502162,Karatina,Caroline Mureithi,Karidundu,Green grocery,Karidundu,Dormant,Main Client List,,,
Julia Wakarindi Wahome,0790570660,9262157,Karatina,Caroline Mureithi,Kabiruini,Farming,Kabiruini,Dormant,Main Client List,,,
Tabitha Nyokabi Njenga,0796291816,21543280,Nyahururu,Peter Nderitu Machira,20300,Milk farming,Umoja mbuyu,Active,Main Client List,,,
Rebecca Nyamiugu,0717278803,717278803,Karatina,Caroline Mureithi,Karogoto,Farming [poultry],Karogoto,Dormant,Main Client List,,,
Jane Wanjiru Wambigi,0729592533,23930971,Karatina,Simon Gichigi,Njaithaini,Farming,Njathaini,Dormant,Main Client List,,,
Alice Wanjugu Wanduma,0705907139,24267777,Karatina,Sharlet Sally,Maganjo,Farming,Maganjo,Dormant,Main Client List,,,
Lucy Kanario Lincoro,0716570064,14518946,Naromoru,David Wambugu,Naromoru,Grocery,Naromoru,Active,Main Client List,,,
Esther Njambi Numera,0720323442,26869225,ENGINEER,Ann,,,,Active,Loan Files,Mary Wanjiku Muigai,0715641477,20797859
Edwin Macharia Gaka,0716728358,29299181,Nyahururu,Damaris Ruguru,Mailinne,Boutique,Mailinne,Dormant,Main Client List,,,
Ann Wangari,0705304253,28687504,Nyahururu,Nancy Wamboi,20300,Green grocery,Bypass brookside,Dormant,Main Client List,,,
Laurence Simiyu Wanjala,0701728665,37790157,Nyahururu,Nancy Wamboi,Ndaragwa,Butchery,Ndaragwa,Dormant,Main Client List,,,
Lucy Wacera Muriuki,0719306217,23460234,Karatina,Peter Mathenge,Kaiyaba,Hotel,Kaiyaba,Dormant,Main Client List,,,
James Maina Njoroge,0745501491,10967932,Naromoru,Naftaly  Kinyua,Karimeno,Query,Karimeno,Dormant,Main Client List,,,
Elizabeth Njambi Karugu,0721722718,23758416,Naromoru,David Wambugu,Chaka,Grocery,Chaka,Dormant,Main Client List,,,
Evelyn Wagaki  Kiama,0701198711,25770307,Karatina,Evaline Muthoni,Othaya,Food kiosk,Othaya,Dormant,Main Client List,,,
Hilda Mukami Wamucii,0714896824,35921236,Karatina,Caroline Mureithi,Jambo,Green grocery,Jambo,Dormant,Main Client List,,,
Faith Njambi Muturi,0721318231,22136772,Nyahururu,Caroline Nyakio,Subukia,Selling mitumba,Subukia,Dormant,Main Client List,,,
Mary Wangari Njogu,0705174137,40558617,Karatina,Evaline Muthoni,Ndunyu,Miraa seller,Ndunyu,Dormant,Main Client List,,,
Jane Wangui Muturi,0757230450,31641149,Karatina,Joseph Ngondi,Mukuruweini,Farming,Mukurweini,Dormant,Main Client List,,,
Samuel Maina Mwangi,0741687879,36016810,Nyahururu,Nancy Wamboi,Charagita,Mixed farming,Charagita,Dormant,Main Client List,maryann maira,0793965045,36917074
Lilian Achieng Otieno,0714736447,36322687,Karatina,Caroline Mureithi,Muthua,Scrap metals,Karatina,Dormant,Main Client List,,,
Alloys Kimaru Mathenge,0799332321,213687386,Nyahururu,Damaris Ruguru,Ndogino,Electronics /electronics repair,Ndogina,Dormant,Main Client List,,,
Peter Njoroge Mbugua,0721356359,14625359,Nyahururu,Nancy Wamboi,Nyahururu,Computer accessories,Stadium road,Dormant,Main Client List,,,
Fridah Nduku Musyoka,0743955527,34595667,Karatina,Evaline Muthoni,Charaini,Fruit vendor,Charaini,Dormant,Main Client List,,,
Ann Wanjiku Njoroge,0715747806,31577513,Nyahururu,Peter Nderitu Machira,Maili nne,Selling mitumba,Maili nne,Dormant,Main Client List,,,
Margaret Mugo,0721572161,,Unknown,Peter,,,,Active,Loan Files,Isaac Muhia,,
Josphine Wanjiru Mbae,0706414682,9504030,ENGINEER,Ann,,,,Active,Loan Files,John Mbae Kimani,0713865645,5751224
Grace Muthoni Githui,0710633308,20817589,Karatina,Sharlet Sally,Gatei,Farming,Gatei,Dormant,Main Client List,,,
Lucy Wawira Njagi,0746982380,29227518,Karatina,Caroline Mureithi,Karatina,Green grocery,Karatina,Dormant,Main Client List,,,
David Maina Wamiti,0729050969,5510557,Karatina,Caroline Mureithi,Kiamariga,Hotel,Kiamariga,Dormant,Main Client List,,,
Ann Njoroge,0715747806,,Unknown,Peter,,,,Active,Loan Files,Teresia Njoroge,,
Esther Wanja Wairimu,0758055939,26622514,Karatina,Simon Gichigi,Gatitu,Food service,Gatitu,Dormant,Main Client List,,,
Monica Wambui Nguku,0798258604,8060028,ENGINEER,Milka,,,,Active,Loan Files,Andrew Mungai Thuo,0706106746,42769177
Judy Wanjiku Gitau,0722527858,8443023,Nyahururu,Nancy Wamboi,20300,Tailoring,Oljororok,Dormant,Main Client List,,,
Fredrick Kihonge,0794206919,27639453,Nyahururu,Caroline Nyakio,Shamata,Farming,Shamata,Dormant,Main Client List,,,
Faith Wangechi Ndereba,0796489357,23730160,Karatina,Caroline Mureithi,Mukuruweini,Clothes seller,Mukurweini,Dormant,Main Client List,,,
Alice Wanjiku Kireru,0715690487,22091500,Karatina,Simon Gichigi,Ihwagi,Salon,Ihwagi,Active,Main Client List,,,
Consolata Gathoni Nyokabi,0707038745,32404900,Karatina,Caroline Mureithi,Kiamariga,Grocery,Kiamariga,Dormant,Main Client List,,,
Rael Nafula Barasa,0797148151,33793318,Naromoru,David Wambugu,Burguret,Mtumba clothes,Matanya,Dormant,Main Client List,,,
Joyce Wanjiru Macharia,0700934013,26406760,Nyahururu,Nancy Wamboi,13000,Dairy farming,Leshau,Dormant,Main Client List,,,
Catherine Mueni,0705108040,31310078,Karatina,Peter Mathenge,Muthua,Green grocery,Muthua,Dormant,Main Client List,,,
Robinson Kariuki,0790082214,,Unknown,Peter,,,,Active,Loan Files,Maryann Maina,,
Mary Maina,0110724989,,Unknown,Peter,,,,Active,Loan Files,John lebor,,
Peninah Mathenge Waithira,0748261697,27786956,Nyahururu,Caroline Nyakio,Rumuruti,Poultry,Rumuruti,Dormant,Main Client List,,,
Peter Maina Ndirangu,0113657107,11724927,Naromoru,David Wambugu,Karemeno,Farming,Karemeno,Dormant,Main Client List,,,
Rodah Nyambura Ngarari,0725559308,14707425,Nyahururu,Peter Nderitu Machira,Mailinne,Selling mitumba,Mailinne,Dormant,Main Client List,,,
Tabitha Nyawira Maina,0701455506,12477037,Karatina,Simon Gichigi,Karatina,Farm food sales,Karatina,Dormant,Main Client List,,,
Purity Naitore,0702131279,26365098,Karatina,Sharlet Sally,Gitunduti,Farming,Gitunduti/karatina,Dormant,Main Client List,,,
Jane Wambui Kabugi,0729374146,24900467,Karatina,Caroline Mureithi,Mumlock/karatina,Salon,Karatina,Dormant,Main Client List,,,
Jennifer Mukiri,0725709459,4356631,Nyahururu,Caroline Nyakio,Rumuruti,Farming,Rumuruti,Dormant,Main Client List,,,
Gladys Waruguru Hiuko,0715709400,20822377,Nyahururu,Caroline Nyakio,Rumuruti,Knitting and mitumba,Rumuruti,Dormant,Main Client List,,,
Ruth Wangechi Kihara,0745242789,20814330,Nyahururu,Peter Nderitu Machira,Rumuruti,Grocery,Rumuruti,Dormant,Main Client List,,,
Damaris Kimathi,0728290725,29150143,Nyahururu,Caroline Nyakio,00200,Malimali shop,Imenti,Dormant,Main Client List,,,
Nancy Njoki Njuguna,0714920292,10595380,Naromoru,Naftaly  Kinyua,Kibunja,Hotel,Kibunja,Active,Main Client List,,,
Grace Gathoni Gatheru,0712650572,13453617,Naromoru,Naftaly  Kinyua,Soweto,Farmer,Soweto,Active,Main Client List,,,
Susan Mwaura,0724350985,24061793,Nyahururu,Nancy Wamboi,20300,Mtumba shop,Kasuku,Dormant,Main Client List,,,
Mary Nyambura Mwangi,0714885607,22023123,Nyahururu,Nancy Wamboi,20300,Dairy farming,Magutu,Dormant,Main Client List,,,
Monicah Wamucii Njoroge,0720637112,24827208,Naromoru,Silvester Muthomi,Naromoru,Cattle farming,Blueline,Active,Main Client List,,,
Veronica Muthoni Ntwiga,0716280732,27647703,Karatina,Caroline Mureithi,Rafina,Green grocery,Rafina,Dormant,Main Client List,,,
Grace Muthoni Mburu,0745517475,21459847,Naromoru,David Wambugu,Chaka,Cereals,Chaka,Active,Main Client List,,,
Magdalene Nyambura Mwangi,0715751451,25649921,Karatina,Joseph Ngondi,Kangemi /nyeri,Mobile salon,Kangemi/nyeri,Dormant,Main Client List,,,
Damaris Wetende Abucheri,0757865424,33197117,Naromoru,David Wambugu,Naromoru,Hotel,Naromoru,Active,Main Client List,,,
Grace Keru Nduru,0115484048,26673845,Karatina,Sharlet Sally,Saigon,Farming,Saigon,Dormant,Main Client List,,,
Micheal Ndege,0729823193,25321156,Nyahururu,Nancy Wamboi,Thome,Retail shop,Thome,Dormant,Main Client List,charles kerugo,0717720111,34914370
Alice Wangeci Wangombe,0713789992,26449623,Karatina,Sharlet Sally,Kagochi/karatina,Farming,Karatina,Dormant,Main Client List,,,
Rose Wanja Wangui,0712872335,25586166,Naromoru,David Wambugu,Naromoru,Grocery,Naromoru,Active,Main Client List,,,
Nancy Nyambura Ndirangu,0791783709,27583036,Karatina,Caroline Mureithi,Rafina/karatina,Retail shop,Rafina/karatina,Dormant,Main Client List,,,
Lucy Wambura Ngacha,0711452040,5558524,Naromoru,David Wambugu,New centre,Mtumba,New centre,Active,Main Client List,,,
Rahab Wanjiku Kimani,0704919175,5751111,ENGINEER,Ann,,,,Active,Loan Files,Simon Nganga Kariuki,0712731304,38823878
Phyllis Wairimu Gathungu,0716827291,31991709,Karatina,Caroline Mureithi,Karatina,Hotel,Karatina,Dormant,Main Client List,,,
Rosemary Njoki Muguimi,0720781233,21134835,Naromoru,Naftaly  Kinyua,Burguret,Second clothes,Matanya,Dormant,Main Client List,,,
John Mwangi Nguitui,0741812510,33836479,Nyahururu,Peter Nderitu Machira,Karuga,Car wash,Karuga,Dormant,Main Client List,,,
Joyce Wanjiru Munyiri,0740308482,32983211,Nyahururu,Damaris Ruguru,Rumuruti,Bakery,Rumuruti,Dormant,Main Client List,,,
Catherine Wangui Macharia,0721964881,9857089,Karatina,Evaline Muthoni,Mahiga,Farming,Mahiga,Dormant,Main Client List,,,
Moses Kamande Mungai,0727891955,4267173,Naromoru,Naftaly  Kinyua,Karimeno,Dairy farming,Karimeno,Dormant,Main Client List,,,
Papeshwa  Wairimu Githinji,0716339627,3919278,Nyahururu,Damaris Ruguru,Mailinne,Selling mitumba,Maili nne,Dormant,Main Client List,,,
Hellen Maina,0712876987,,Unknown,Cate,,,,Active,Loan Files,Jerioth Maina,,
Dorica Nyanchama Kimonge,0708218811,27208549,Karatina,Joseph Ngondi,Gikumbo/karatina,Farming,Gikumbo,Dormant,Main Client List,,,
Ann Wamucii Kariuki,0727719755,12477857,Karatina,Simon Gichigi,Gachika,Farming,Gachika,Dormant,Main Client List,,,
Grace Wairimu Wangui,0719385074,38005321,Naromoru,Mercy  Karimi,Chaka,Farming,Chaka,Active,Main Client List,,,
Sarah Ndung'u,0706439225,22580679,Nyahururu,Caroline Nyakio,Imenti,Pub,Imenti,Dormant,Main Client List,,,
Irene Gathoni Muriuki,0714796246,4842728,Karatina,Caroline Mureithi,Ragati,Farming,Ragati,Dormant,Main Client List,,,
Agnes Muthoni Ndiritu,0724590343,27221760,Naromoru,David Wambugu,Naromoru,Grocery,Naromoru,Active,Main Client List,,,
Mary Gathigia Kabiru,0711191579,36163748,Karatina,Peter Mathenge,Gatei,Farming/hostels,Gatei,Dormant,Main Client List,,,
Grace Wanjiru Ngunyi,0727516887,24661407,Naromoru,David Wambugu,Burguret,Soup vendor,Burguret,Active,Main Client List,,,
Mercy Njoki Murugi,0727425049,32526232,Karatina,Sharlet Sally,Kiawarigi,Farming,Kiawarigi,Dormant,Main Client List,,,
Alice Ngugi,0729144308,,Unknown,Carol,,,,Active,Loan Files,Margaret Macharia,,
Elizabeth Wambui Mwangi,0701396006,9013110,Naromoru,Silvester Muthomi,Burguret,Second hand clothes,Burguret,Dormant,Main Client List,,,
Simon Mtikiugu,0798632927,28111307,Nyahururu,Peter Nderitu Machira,20300,Selling potatoes,Shamata,Dormant,Main Client List,,,
Simon Mutunga,0723519085,11896471,Nyahururu,Peter Nderitu Machira,00200,Poultry farming,Gatero,Dormant,Main Client List,,,
Joshua Kibon,0721937013,9173488,Nyahururu,Nancy Wamboi,20300,Cereal shop,Ngane,Dormant,Main Client List,,,
Samuel Muya,0725380367,,Unknown,Cate,,,,Active,Loan Files,Hellen Muiruri,,
John Koogi,0702899233,42661540,Nyahururu,Nancy Wamboi,Nyahururu,Mtumba,Nyahururu,Dormant,Main Client List,,,
Doreen Gakii Charles,0712269657,37680894,Karatina,Simon Gichigi,Kiawarigi,Green grocery,Kiawarigi,Dormant,Main Client List,,,
Godfrey Kebu Muriuki,0725041652,1683977,Karatina,Caroline Mureithi,Karatina,Farming,Karatina,Dormant,Main Client List,,,
Joyce Kesses,0718659733,,Unknown,Carol,,,,Active,Loan Files,Annah Chelagat,,
Richard Kingori Gichuhi,0790373044,26531126,Karatina,Sharlet Sally,Kangaita,Scrap metals,Kangaita,Dormant,Main Client List,,,
Purity Njoki Macharia,0713978869,28263106,Naromoru,Mercy  Karimi,Chaka,Salon,Chaka,Active,Main Client List,,,
Ambrosia Wanja Mwangi,0721422565,11082073,ENGINEER,Milka,,,,Active,Loan Files,Catherine Njeri Monyo,0769638347,35075944
Grace Wanjiru Wangui,0793010635,29225000,Naromoru,Naftaly  Kinyua,Village 3,Farmer,Village 3,Active,Main Client List,,,
Winrose Karimi Nyaga,0717482302,24135838,Karatina,Caroline Mureithi,Njatheini,Farming,Njatheini,Dormant,Main Client List,,,
Sarah Muthoni Wanjiru,0795042054,27774973,ENGINEER,Ann,,,,Active,Loan Files,Pauline Ngubia Waweru,0742794403,24360071
Lydia Kamau,0701035799,,Unknown,Peter,,,,Active,Loan Files,Ann Mwangi,,
Harun Ngunjita,0707029040,,Unknown,Peter,,,,Active,Loan Files,Magdaline Maina,,
Joseph Mwangi Wangeci,0117734053,531038092,Naromoru,Mercy  Karimi,Soweto,Hotel,Soweto,Active,Main Client List,,,
Everlyn Karimi,0727708861,32230232,Embu,Dennis Mutwiri,Majimbo,Hotel,Majimbo,Dormant,Main Client List,,,
Purity Wairimu Kamau,0729374373,25395294,Naromoru,Mercy  Karimi,Naromoru,Plastic seller,Naromoru,Active,Main Client List,,,
Tabitha Wangui Kinyua,0722482923,233883028,Karatina,Simon Gichigi,Karatina,Timberyard,Karatina,Dormant,Main Client List,,,
Anthony Munene,0714076538,,Unknown,Cate,,,,Active,Loan Files,Ibrahim Kingori,,
Damaris Wairimu Mwangi,0791508489,31012591,ENGINEER,Milka,,,,Active,Loan Files,Grace Wanjiru Karungo,0727903371,26532536
Esther Jairus,0112149690,21334655,Nyahururu,Caroline Nyakio,0,Shop,Kwa wanjiku,Dormant,Main Client List,,,
Lydiah Nyaguthii Waweru,0759205575,26923738,Karatina,Simon Gichigi,Muthua,Salon,Muthua,Dormant,Main Client List,,,
Beatrice Nyawira Mwangi,0793696199,24744527,Karatina,Joseph Ngondi,Gikumbo/karatina,Farming,Gikumbo,Dormant,Main Client List,,,
Martha Wangui Kariuki,0742751886,39662989,Nyahururu,Peter Nderitu Machira,Rumuruti,Boutique,Rumuruti,Dormant,Main Client List,,,
Teresia Muthoni Waithaka,0704159480,21114950,Karatina,Caroline Mureithi,Karatina,Clothes seller,Karatina,Active,Main Client List,,,
Millicent Wanjiru Ngatia,0722748615,22151123,Karatina,Simon Gichigi,Rititi,Bar,Rititi,Dormant,Main Client List,,,
Elizabeth Nyambura Gitau,0716589853,27860175,ENGINEER,Ann,,,,Active,Loan Files,Esther Wanjiru Muriithi,0111573126,24423921
Anthony Muthoni,0724479261,,Unknown,Peter,,,,Active,Loan Files,Joyce Ndunge,,
Rose Wangari Mwangi,0769484745,21965784,Karatina,Peter Mathenge,Karatina,Green grocery,Karatina,Dormant,Main Client List,,,
Paul Kariuki Wangaru,0741724262,13882897,ENGINEER,Ann,,,,Active,Loan Files,Michael Ndungu Kimani,0725946628,13559323
Milka Wanjiru Mwai,0758667235,26400080,Karatina,Caroline Mureithi,Kagochi,Farming,Kagochi,Dormant,Main Client List,,,
Jackline Lesemante,0118525881,193372772,Nyahururu,Peter Nderitu Machira,Rumuruti,Selling shoes,Rumuruti,Dormant,Main Client List,Rebeca Echom,0794400120,
Margret Nyambura Karuga,0796882652,22705795,Karatina,Joseph Ngondi,Mukuruweini,Grocery/hawking,Mukurweini,Dormant,Main Client List,,,
Beatrice Njaramba,0799173612,,Unknown,Peter,,,,Active,Loan Files,Peter Njaramba,,
Martha Wambui Maina,0710391353,7635700,Karatina,Evaline Muthoni,Kamakwa,Farming,Kamakwa,Dormant,Main Client List,,,
Faith Wangui Maina,0701385607,28747182,Karatina,Sharlet Sally,Hiriga,Farmer,Hiriga,Dormant,Main Client List,,,
Jane Wacera Kariuki,0793026895,11806791,Karatina,Simon Gichigi,Kirichu,Mutumba,Kirichu,Dormant,Main Client List,,,
Grace Wairimu Gatuguta,0706099951,35106674,Nyahururu,Peter Nderitu Machira,Mailinne,Salon,Mailinne,Dormant,Main Client List,,,
Mary Wamuyu Kaguanyu,0723484564,29354493,Karatina,Sharlet Sally,Ragati,Retail shop,Ragati,Dormant,Main Client List,,,
Joyce Wangechi Kiama,0719861466,13800489,Karatina,Evaline Muthoni,Nyeri,Clothing,Nyeri,Dormant,Main Client List,,,
Winrose Wanjira Maina,0707472431,29647822,Karatina,Joseph Ngondi,Karidundu,Shop/hotel,Karidundu,Dormant,Main Client List,,,
Alice Wangari Gatheru,0726500517,10317281,Naromoru,Silvester Muthomi,Matanya,Groceries,Matanya,Dormant,Main Client List,,,
Mary Lokorach,0701169467,24095273,Nyahururu,Peter Nderitu Machira,Co site,Teaching,Nyahururu,Dormant,Main Client List,,,
Caroline Wairimu Wanjiru,0728137953,26581544,Karatina,Evaline Muthoni,Karatina,Salon,Karatina,Dormant,Main Client List,,,
Elizabeth Romero,0792049781,,Unknown,Carol,,,,Active,Loan Files,Catherine Irungu,,
Samuel Gichia,0702028822,,Unknown,Peter,,,,Active,Loan Files,Paul Mwangi,,
Justus Ndungu,0725718918,13538979,Nyahururu,Nancy Wamboi,Muhotetu,Butchery,Munyu,Dormant,Main Client List,,,
Lawrence Wanjala,0701728665,,Unknown,Cate,,,,Active,Loan Files,Rose Wangechi,,
Mary Kariuki,0707655312,,Unknown,Cate,,,,Active,Loan Files,Janet Matanu,,
Purity Nyaguthii Wanjohi,0714680432,21701047,Naromoru,David Wambugu,Naromoru,Shop,Naromoru,Active,Main Client List,,,
Joseph Wachira Mbugua,0700644064,34975876,Naromoru,Silvester Muthomi,Castle,Farming,Castle,Active,Main Client List,,,
Everlyne Atieno Ochieng,0706200790,315103,ENGINEER,,,,,Active,Loan Files,Beatrice Akinyi Ombija,0713537118,40694586
Milka  Mumbi Wangari,0110705114,39970476,Karatina,Caroline Mureithi,Kabiruini,Hotel,Kabiruini,Dormant,Main Client List,,,
Mercy Wangechi,0715228494,30049769,Nyahururu,Peter Nderitu Machira,Maili nne,Green grocery,Maili nne,Dormant,Main Client List,,,
Ruth Wanjiru Wamae,0742151766,31594239,Karatina,Simon Gichigi,Kaiyaba,Hotel,Kaiyaba,Dormant,Main Client List,,,
Purity Kanana,0721919217,27443997,Naromoru,Silvester Muthomi,Burguret,Butchery,Burguret,Active,Main Client List,,,
Alice Kirigo Karuthi,0790253853,32552183,Karatina,Evaline Muthoni,Mahiga,Shop,Mahiga,Dormant,Main Client List,,,
Gladys Wairimu Waweru,0717622386,12949818,Nyahururu,Peter Nderitu Machira,20300,Mtumba,Ndagito,Dormant,Main Client List,,,
Jane Wanjiku Macharia,0721307339,25486582,ENGINEER,Milka,,,,Active,Loan Files,Peter Karibu Githitu,0701640618,2928933
Grace Wamuyu Waruru,0700092313,22624409,Nyahururu,Damaris Ruguru,Rumuruti,Selling mitumba,Rumuruti,Dormant,Main Client List,,,
Jane Wanjiru Njogu,0746811444,,Unknown,Carol,,,,Active,Loan Files,John Nderitu,,
Josephat Ngugi,0724701702,20149301,Nyahururu,Nancy Wamboi,Asian,Farming,Nyahururu,Dormant,Main Client List,,,
Maria Nduta Kaguara,0727397207,8107134,Karatina,Evaline Muthoni,Mukuruweini,Green grocery,Mukurweini,Dormant,Main Client List,,,
Susan Njambi,0727368599,12946357,Nyahururu,Caroline Nyakio,Nyahururu,Farming,Nyahururu,Dormant,Main Client List,,,
Patrick Kinya Kariuki,0117665073,36996924,Karatina,Simon Gichigi,Karatina,Scrap metal,Karatina,Active,Main Client List,,,
Alice Wambui  Maina,0723834640,27972897,Naromoru,David Wambugu,Village 3,Grocery,Village 3,Active,Main Client List,,,
Lydia Wanjiku,0708243974,30220427,Naromoru,Silvester Muthomi,Chaka,Second clothes,Chaka,Dormant,Main Client List,,,
Jesika Kangala,0797775990,8077101,Nyahururu,Peter Nderitu Machira,20300,Farming,Muchemi,Dormant,Main Client List,,,
Jane Njoki Kimondo,0714370930,27789422,Karatina,Shyrine Njue,Kamuyu/nyeri,Farming/fishpond,Kamuyu/nyeri,Dormant,Main Client List,,,
Magdaline Karuri,0723364504,,Unknown,Carol,,,,Active,Loan Files,Jane Njogu,,
Nancy Gatwiri,0715924520,36327164,Nyahururu,Peter Nderitu Machira,Makutano,Selling onions,Makutano,Dormant,Main Client List,,,
Judy Wanjiku Warui,0715902352,24188580,Karatina,Caroline Mureithi,Kiarage,Farming,Kiarage,Active,Main Client List,,,
Simon Kinyanjui Nguhi,0741304619,27052355,ENGINEER,Milka,,,,Active,Loan Files,Isaac Mbae Nyoro,0731818745,25203845
Esther Muthoni Rexona,0758744027,13133349,Karatina,Sharlet Sally,Kibingoti,Farming,Kibingoti,Dormant,Main Client List,,,
Lucy Wachira,0707492014,,Unknown,Cate,,,,Active,Loan Files,Esther Njuguna,,
Ann Nyawira Wanjogu,0725996100,25926695,Karatina,Caroline Mureithi,Kanjuri,Farming,Kanjuri,Dormant,Main Client List,,,
Miriam Wanjiku Munyiri,0729038410,21993106,Karatina,Simon Gichigi,Saigon,Fruits vendor,Karatina,Dormant,Main Client List,,,
Peter Wachira Gichohi,0712620903,13646245,Nyahururu,Caroline Nyakio,00200,Club,Imenti,Dormant,Main Client List,,,
James Kariuki Gikonyo,0703637510,21968498,Naromoru,Naftaly  Kinyua,Chaka,Grocery,Naromoru,Active,Main Client List,,,
Grace Njuguna,0724544938,20781055,Nyahururu,Caroline Nyakio,Muruai,Farming &shoping,Muruai,Dormant,Main Client List,,,
Gladwel Thindi,0727387416,,Unknown,Carol,,,,Active,Loan Files,Susan wanjiku,,
Jane Njoroge,0720552419,8719789,Nyahururu,Peter Nderitu Machira,Bahati,Selling curtains,Maili nne,Dormant,Main Client List,,,
Grace Muthoni Nyawira,0141317495,26859177,Karatina,Sharlet Sally,Kanjuri/karatina,Farming,Kanjuri,Dormant,Main Client List,,,
Mary Watetu Kairu,0725865057,26013642,Karatina,Sharlet Sally,Tetu,Farming/hotel,Tetu,Dormant,Main Client List,,,
Susan Waguthii Maina,0724057954,11413712,Naromoru,Mercy  Karimi,Kiganjo,Second hand clothes,Msafiri,Active,Main Client List,,,
Mary Wangui Muchiri,0713944872,23515773,Nyahururu,Caroline Nyakio,20300,Grocery,Kinamba,Dormant,Main Client List,,,
Sarah Ng'ang'a,0724164082,,Unknown,0,,,,,Active,Loan Files,Rachel njoroge,0727992553,
Francis Njinju,0704424647,,Unknown,13000,,,,,Active,Loan Files,Peter Wainana,0711767396,
Joseph mwangi,0799835033,,Unknown,13000,,,,,Active,Loan Files,Esther Wambui,0726683825,
Lydia Kamau,0701035799,,Unknown,0,,,,,Active,Loan Files,Ann Mwangi,0703322932,
James Kaboro,0703915750,,Unknown,0,,,,,Active,Loan Files,Magdaline Maina,0720024027,
Esther Ngugi,0710540080,,Unknown,0,,,,,Active,Loan Files,Joyce Njoroge,07240666021,
Lucy Munene,0720813561,,Unknown,0,,,,,Active,Loan Files,Cecilia Mutungili,0725426487,
Sarah Ndung'u,0706439225,,Unknown,0,,,,,Active,Loan Files,Alex Mwiti,0706602209,
Purity Mwangi,0746999243,,Unknown,000",,,,,Active,Loan Files,Jane Roro,0745305142,
George Waiganjo,0711382851,,Unknown,0,,,,,Active,Loan Files,Charity Ndirangu,0758274400,
Ann Njoroge,0715747806,,Unknown,0,,,,,Active,Loan Files,Teressiah Njoroge,0798764337,
Zipporah Muriithi,0700480519,,Unknown,0,,,,,Active,Loan Files,Teresia Maina,015873084,
Margaret Mugo,0721572161,,Unknown,0,,,,,Active,Loan Files,jane  kariuki,0734256765,
Joshua Kibon,0721937013,,Unknown,0,,,,,Active,Loan Files,ealice kimeli,0797691850,
Esther kimani,0719700664,,Unknown,0,,,,,Active,Loan Files,peter kimani,0107748401,
Esther Kimari,0726683825,,Unknown,0,,,,,Active,Loan Files,rahab njambi,0753040119,
Faith Njogu Njoki,0710918080,,Unknown,0,,,,,Active,Loan Files,lilian mwai,0793774262,
catherine wanjiru,0720340478,,Unknown,0,,,,,Active,Loan Files,joyce kamau,0745658943,
Rahab Njambi,0746194202,,Unknown,0,,,,,Active,Loan Files,catherine maina,0736819560,
Fatuma Duba,0116140156,,Unknown,0,,,,,Active,Loan Files,stephen sirikwa,0798372422,
Josphine Kapel,0142842993,,Unknown,0,,,,,Active,Loan Files,susan nabaru,0718878829,
Rahab Nyambura,0711227118,,Unknown,0,,,,,Active,Loan Files,benson mwaniki,0724382862,
Mary Mwaura,0708199244,,Unknown,0,,,,,Active,Loan Files,norman macharia,0700509057,
Margart Ekai,0740548417,,Unknown,0,,,,,Active,Loan Files,Eunice Akoth,0728108487,
Lucy Nambaiyaiye,0720294359,,Unknown,0,,,,,Active,Loan Files,Beth wacera,0716331062,
Lucy Nyoro Nduta,0717796794,,Unknown,000",,,,,Active,Loan Files,Susan mburu,0108798026,
philomena Nguitu    Francis NGUITUI,0718400068,,Unknown,000",,,,,Active,Loan Files,,070051009,
Grace Muraya,07011257897,,Unknown,4500,,,,,Active,Loan Files,Tabitha Kibuu,0704781632,
fredrick Kihomge,0794206919,,Unknown,3520,,,,,Active,Loan Files,Henry Maina,0745034146,
Paul Thuo,07050330,,Unknown,0,,,,,Active,Loan Files,Jonathan Chemase=254&705033064,0708005715,
Peninah Mathenge,0748261697,,Unknown,0,,,,,Active,Loan Files,Ruth Ndungu,0792748608,
Jane Kuuti,0768824476,,Unknown,0,,,,,Active,Loan Files,Diana Okeyo,0768094794,
Sarah Waruguru,0715706681,,Unknown,0,,,,,Active,Loan Files,Sa muel Maina,0722948117,
Julius Gichuru,0705915891,,Unknown,0,,,,,Active,Loan Files,Hellen Kawira,07700066941,
Gladys Waweru,0717622386,,Unknown,0,,,,,Active,Loan Files,Mary Kariuki,0708817449,
Fridah Nairia,0740326857,,Unknown,6935,,,,,Active,Loan Files,Jeniffer Anana,0718825740,
Monicah Amondi,0711124852,,Unknown,1667,,,,,Active,Loan Files,Mary Maina,0110723989,
Godfrey Maina,07153665131,,Unknown,0,,,,,Active,Loan Files,Philis Maina,0713543764,
Charity Mwangi,05724210636,,Unknown,0,,,,,Active,Loan Files,Rosemary Njeri,0740471220,
Joyce Nyaguthii,0711680002,,Unknown,0,,,,,Active,Loan Files,David Mwangi,08757069418,
James Wanyiri,0714503794,,Unknown,0,,,,,Active,Loan Files,Joyce Nduta,0745128614,
Leonard kamwaru,023849109,,Unknown,0,,,,,Active,Loan Files,Alfred  Etale,0711237285,
Sarah Ndung'u,0706439225,,Unknown,0,,,,,Active,Loan Files,Alex Mwiti,0706602209,
Robinson Kariuki,0790082214,,Unknown,0,,,,,Active,Loan Files,Maryann Wangui,0712258783,
Elizabeth Gachathi,0114732234,,Unknown,0,,,,,Active,Loan Files,Rose Gachathi,0723842892,
Peris Wanjugu,0712005347,,Unknown,0,,,,,Active,Loan Files,Catherine Wangechi=254&712005347,0758025726,
Mary Maina,0110724989,,Unknown,0,,,,,Active,Loan Files,John Labor,0712416909,
Patrick Kimani,0726706952,,Unknown,0,,,,,Active,Loan Files,Diana Mathathi,0716611899,
Gladys Hiuko,0715709400,,Unknown,0,,,,,Active,Loan Files,Agnes Nduta,0713101470,
Elizabeth Romero,0792049781,,Unknown,0,,,,,Active,Loan Files,Catherine Irungu,0728587387,
Samuel Mwangi,0741687879,,Unknown,0,,,,,Active,Loan Files,Maryann Wangui,0793965045,
Anthony Wachira,0714076538,,Unknown,0,,,,,Active,Loan Files,Ibrahim Kingori,0798654955,
Mary Njoki,0727698567,,Unknown,0,,,,,Active,Loan Files,Faris Mwangi,0719306554,
Susan Mwaura,0724350985,,Unknown,0,,,,,Active,Loan Files,Rachel Kiambati,0796102762,
Benson Wahome,0748485559,,Unknown,0,,,,,Active,Loan Files,David Kamau,0791470552,
Bancy Njeri Waweru,0711973607,,Unknown,0,,,,,Active,Loan Files,Peter Njoroge,0742103835,
Agnes Muthon KioniNana Wanjiru,0769694106,,Unknown,0,,,,,Active,Loan Files,,0769228244,
Naomi Mbuthia mu,0790058345,,Unknown,0,,,,,Active,Loan Files,Peter Ndindiri,0111510789,
Lawrence Wanjala,0701728665,,Unknown,0,,,,,Active,Loan Files,Rose Wangechi,0714901793,
Michael Munene,07729823193,,Unknown,0,,,,,Active,Loan Files,Charles Kirugo,0717720111,
Alice Naserian,0758991413,,Unknown,0,,,,,Active,Loan Files,Patricia Wacuka,0752560980,
Jane Wanjiru,0746811444,,Unknown,0,,,,,Active,Loan Files,John Nderitu,0704825688,
Jane Ngata,0743647697,,Unknown,0,,,,,Active,Loan Files,Charles Karari,0741796731,
Jackline Lesemante Rabecca Echom,0118525881,,Unknown,0,,,,,Active,Loan Files,,0794400120,
Gladys Wairimu Maingikelvin kiptoo,0728225297,,Unknown,0,,,,,Active,Loan Files,kelvin kiptoo,0719545318,
Catherine Muchoki,0792612031,,Unknown,0,,,,,Active,Loan Files,Mary kinyanjui,0716523140,
Jeniffer Mukiri,0725709459,,Unknown,0,,,,,Active,Loan Files,Kenneth Kuria,0722416830,
Susan Kiai,0727368599,,Unknown,0,,,,,Active,Loan Files,Boniface Njambi,0714398204,
Esther Wanjohi,0759831343,,Unknown,6668,,,,,Active,Loan Files,Frida Mahiga,0722715234,
Tabitha Wachira,0704825688,,Unknown,0,,,,,Active,Loan Files,Jane Muthoni,0726890467,
Elizabeth Mathaga,0706607577,,Unknown,0,,,,,Active,Loan Files,Moses Mithaga,0743458451,
Hillary Kirwa,0729518016,,Unknown,0,,,,,Active,Loan Files,Norman Ngige,0711063122,
Susyline Mukono,0723495587,,Unknown,0,,,,,Active,Loan Files,Joyce Macharia,0729417206,
Susan Modo,0721991675,,Unknown,2401,,,,,Active,Loan Files,Lucy Nambayaiye,0716331062,
Maurine Kagwora,0723858169,,Unknown,0,,,,,Active,Loan Files,Esther Maina,0703286633,
Ann Wangari,0705304253,,Unknown,0,,,,,Active,Loan Files,Naomi Bosibori,0706841567,
Rosemary Maina,0724153150,,Unknown,0,,,,,Active,Loan Files,Molly Mugure,0721815920,
Lucia Mukami,07153905575,,Unknown,0,,,,,Active,Loan Files,Daniel Maina,0759859581,
Esther Gachigiri,0795157747,,Unknown,0,,,,,Active,Loan Files,Rose Muchoki,0757630137,
Florence Wandaka,0714359854,,Unknown,0,,,,,Active,Loan Files,James Karika,0751778506,
Maureen Waweru,0727877025,,Unknown,0,,,,,Active,Loan Files,Serah Chege,05726297808,
Alice Ngugi,0729144308,,Unknown,0,,,,,Active,Loan Files,Margaret Wangui,0700570661,
Mary Karuri,0721994091,,Unknown,0,,,,,Active,Loan Files,Catherine kiruri,0715747740,
Grace Njuguna,0724544938,,Unknown,0,,,,,Active,Loan Files,Rabecca Njuguna,0740441273,
Jane Naivest,0724024611,,Unknown,0,,,,,Active,Loan Files,Agnes Lele,0795493127,
Gogfrey Mugo,0715365131,,Unknown,0,,,,,Active,Loan Files,Philis Maina,0713543764,
Joyce Wanjiru,0700934013,,Unknown,0,,,,,Active,Loan Files,Peter Mwangi,0796819892,
Purity Gacoki,0769573260,,Unknown,0,,,,,Active,Loan Files,Hanah Muchemi,0702653933,
Catherine Maina,0728586678,,Unknown,0,,,,,Active,Loan Files,Mary Macharia,0725585188,
Mary Kariuki,0707655312,,Unknown,0,,,,,Active,Loan Files,Janet Matanu,0711346285,
Susan Mburu,0791842906,,Unknown,0,,,,,Active,Loan Files,Esther Njoroge,0354710467216,
Esther Kahihia,0722655548,,Unknown,0,,,,,Active,Loan Files,Mary kimamo,0701481316,
Teresa Gatheru,0724836941,,Unknown,0,,,,,Active,Loan Files,Grace Mathenge,0743320897,
Joyce Wandaka,0793621965,,Unknown,0,,,,,Active,Loan Files,Tabitha Maina,0728627914,
Diana Kajuju,0742282927,,Unknown,0,,,,,Active,Loan Files,Ann Githaiga,0701965026,
Simon Karani,07989632927,,Unknown,0,,,,,Active,Loan Files,Peter Waititu,0720323599,
Fridah Kanini,0711312215,,Unknown,0,,,,,Active,Loan Files,Susan Wanjiru,0790646590,
Diana Kageha,0769409406,,Unknown,0,,,,,Active,Loan Files,Tabitha Wandaka,0700469416,
Peter Waihenya,0712833328,,Unknown,0,,,,,Active,Loan Files,Elizabeth Wangari,0792402413,
Mercy Macharia,0715228494,,Unknown,0,,,,,Active,Loan Files,Mercy Wanjiru,0727816846,
Tabitha Njenga,0796291816,,Unknown,2001,,,,,Active,Loan Files,Douglas Njenga,0759522005,
Hannah Kuria,0799871943,,Unknown,0,,,,,Active,Loan Files,Sarah Kuria,0742728359,
Hellen Chesang,0790244173,,Unknown,0,,,,,Active,Loan Files,Elijah Kihonge,0768208209,
Pauline Kamau,0708448209,,Unknown,0,,,,,Active,Loan Files,Ann Wangui,0116691166,
Magdaline Karuri,0727364504,,Unknown,0,,,,,Active,Loan Files,Jane Njogu,0792519004,
Monica Gatheca,0741227923,,Unknown,8333,,,,,Active,Loan Files,Benson Wacihi,0757960463,
Josphat Guandarua,0748310063,,Unknown,0,,,,,Active,Loan Files,Simon  Mwangi,0721425519,
Sarah Ndungu,0706439225,,Unknown,0,,,,,Active,Loan Files,Alex Mwiti,0106602609,
Anne Akech Atieno,0715577248,,Unknown,0,,,,,Active,Loan Files,Martha Akinyi,0741463602,
Beatrice Njaramba,0799173612,,Unknown,0,,,,,Active,Loan Files,Peter Njaramba,0708387501,
Nancy Gatwiri,0715924520,,Unknown,8333,,,,,Active,Loan Files,Eunice Kendi,0114625557,
Nancy Maina,024592850,,Unknown,0,,,,,Active,Loan Files,Margaret Kimani,0726768129,
Martin Kiarie,0718846710,,Unknown,0,,,,,Active,Loan Files,Paul Kimani,07708382465,
Harry Thuku,0705436184,,Unknown,0,,,,,Active,Loan Files,Geofrey Njenga,0791919951,
Lucy Wachira,0707492014,,Unknown,0,,,,,Active,Loan Files,Esther Nyambura,0720311445,
Justus Ndungu,0725718918,,Unknown,2000,,,,,Active,Loan Files,Beatrice Wambugu,0711856758,
Samuel Muya,0725380367,,Unknown,0,,,,,Active,Loan Files,Hellen Wanjiku,0728534959,
Josphine Chebet,0791967871,,Unknown,0,,,,,Active,Loan Files,Hannah Kuke,07757262313,
Silvia Wachira,0797396337,,Unknown,0,,,,,Active,Loan Files,Mercy Wangechi,0715228494,
Mary Kingori,0792149332,,Unknown,0,,,,,Active,Loan Files,Mary Chuma,0721778601,
Catherine Mbuni,0727865456,,Unknown,0,,,,,Active,Loan Files,Hannah Macharia,0726503829,
Peter Njoroge,0721356359,,Unknown,0,,,,,Active,Loan Files,Duncan Maina,0721401919,
Hellen Wainana,0727059976,,Unknown,0,,,,,Active,Loan Files,Joseph Munene,0714716360,
Grace Gachuhi,0726949202,,Unknown,0,,,,,Active,Loan Files,Tabitha Ndegwa,0728735170,
Naomi Gituria,0794029149,,Unknown,0,,,,,Active,Loan Files,Esther Gachechere,0717512042,
Daniel Gitau,0794416300,,Unknown,0,,,,,Active,Loan Files,Gladt Njeri,0728397868,
John Mwangi,0724712026,,Unknown,0,,,,,Active,Loan Files,Leah Waruguru,0746563025,
Jesika Kangala,0797775990,,Unknown,0,,,,,Active,Loan Files,Jane Nyambura,0748608288,
Josephat Ngugi,0724701702,,Unknown,0,,,,,Active,Loan Files,Jane Wangari,0710576285,
Edwin Montana,0742033906,,Unknown,0,,,,,Active,Loan Files,Peter Irungu,0790412266,
Joshua Kibon,0721937013,,Unknown,0,,,,,Active,Loan Files,Alice Kimeli,0797691850,
Kelvin Karau,0796250750,,Unknown,500",,,,,Active,Loan Files,Julius Njau,0742199155,
Jecinta Nduta,0769621536,,Unknown,18200,,,,,Active,Loan Files,Grace njuguna,0724544938,
Agnes Muburi,0704163771,,Unknown,0,,,,,Active,Loan Files,Teresiah Gichohi,0727306592,
Milfrida Nyaboke,0742982500,,Unknown,0,,,,,Active,Loan Files,Peter Onyari,0723791251,
Jeddy Wachira,0707593937,,Unknown,0,,,,,Active,Loan Files,Everline   Wachira,0704452061,
Magdaline Wacera,0707143090,,Unknown,0,,,,,Active,Loan Files,Veronica Muchiri,0738427495,
Winnie Mwangi,0715616331,,Unknown,0,,,,,Active,Loan Files,Kelvin Ndung'u,0704690718,
Naomi Ndiritu,0726100264,,Unknown,0,,,,,Active,Loan Files,Zipporah Kamau,0720882664,
Winnie ndirangu,0759607572,,Unknown,0,,,,,Active,Loan Files,Jane Wangui,0758091413,
James Njuguna,0718886595,,Unknown,0,,,,,Active,Loan Files,Joseph Mwangi,0726547436,
Mary Mwangi,0714885607,,Unknown,0,,,,,Active,Loan Files,Simon Mwangi,0796216948,
Damaris Kimathi,0728290725,,Unknown,19500,,,,,Active,Loan Files,Elizabeth Ndung'u,0714592685,
Anthony Wachira,0714076538,,Unknown,0,,,,,Active,Loan Files,Ibrahim Kingori,0798654955,
Mary Lokorach,0701169467,,Unknown,0,,,,,Active,Loan Files,Agnes Barno,0712438585,
Grace Wairimu,0706099951,,Unknown,0,,,,,Active,Loan Files,Loice Njoroge,0727526497,
Naomi Mbuthia,0790058345,,Unknown,0,,,,,Active,Loan Files,Peter Kabata,0111510784,
Joseph ndiritu,0714716360,,Unknown,0,,,,,Active,Loan Files,Richard Karanja,0758589148,
Lydia Kamau,0701035799,,Unknown,0,,,,,Active,Loan Files,Ann Mwangi,0703322932,
Francis Njuguna,0119173109,,Unknown,0,,,,,Active,Loan Files,Mary Wanjiku,0728845042,
Josphine Kapel,0142842993,,Unknown,0,,,,,Active,Loan Files,susan nabaru,0718878829,
Keziah Wamaitha,0700549110,,Unknown,0,,,,,Active,Loan Files,Lucy Mwangi,079480201,
Jacob Koech,0724442266,,Unknown,0,,,,,Active,Loan Files,Fridah Kimagal,072214101,
Alice Wanjiru,0758372505,,Unknown,000",,,,,Active,Loan Files,Margaret Wangari,0,
Joyce kesses,0718659733,,Unknown,0,,,,,Active,Loan Files,Annah Chelagat,0790796424,
Gladys Waweru,0717622386,,Unknown,0,,,,,Active,Loan Files,Milka Kariuki,0 108817449,
Samuel gichia,0702028822,,Unknown,0,,,,,Active,Loan Files,Paul Macharia,0713501528,
Paul Mwangi,0711410254,,Unknown,0,,,,,Active,Loan Files,John Ndirangu,0715257237,
John Irungu,0702599233,,Unknown,0,,,,,Active,Loan Files,Caroline Wanja,0797584851,
Jane Mumbi Theuri,0795544079,,Unknown,13000,,,,,Active,Loan Files,John Theuri,0713472309,
Tabitha Muiga,0729828281,,Unknown,0,,,,,Active,Loan Files,Susan Muchiri,0713328411,
Leonard kamwaru,023849109,,Unknown,0,,,,,Active,Loan Files,Alfred  Etale,0711237285,
cecilia Muraya,0721961454,,Unknown,0,,,,,Active,Loan Files,Esther Kariuki,0714126599,
Mercy Wanjiku,0743665781,,Unknown,0,,,,,Active,Loan Files,Esther Muriuki,0721439189,
Lucy Munene,0720813561,,Unknown,0,,,,,Active,Loan Files,Cecilia Mutungili,0725426487,
Lucy Gathondu,0705851219,,Unknown,4500,,,,,Active,Loan Files,milka wangai,0742242993,
George Waiganjo,0711382851,,Unknown,0,,,,,Active,Loan Files,Charity Ndirangu,0758274400,
Mary Mwaura,0708199244,,Unknown,0,,,,,Active,Loan Files,norman macharia,0700509057,
Sarah Waruguru,0715706681,,Unknown,0,,,,,Active,Loan Files,Samuel Maina,0722948117,
Purity Gacoki,0769573260,,Unknown,0,,,,,Active,Loan Files,Hanah Muchemi,0702653933,
Maurine Kagwora,0723858169,,Unknown,0,,,,,Active,Loan Files,Esther Maina,0703286633,
